Workbook

Sheet Sheet1
B1: 1 | C1: 2 | D1: 3 | E1: 4 | F1: 5 | G1: 6 | H1: 7 | I1: 8 | J1: 9 | K1: 10 | L1: 11 | M1: 12 | N1: 13 | O1: 14 | P1: 15 | Q1: 16 | R1: 17 | S1: 18 | T1: 19 | U1: 20 | V1: 21 | W1: 22 | X1: 23 | Y1: 24 | Z1: 25 | AA1: 26 | AB1: 27 | AC1: 28 | AD1: 29 | AE1: 30 | AF1: 31 | AG1: 32 | AH1: 33 | AI1: 34 | AJ1: 35 | AK1: 36 | AL1: 37 | AM1: 38 | AN1: 39 | AO1: 40 | AP1: 41 | AQ1: 42 | AR1: 43 | AS1: 44 | AT1: 45 | AU1: 46 | AV1: 47 | AW1: 48 | AX1: 49 | AY1: 50 | AZ1: 51 | BA1: 52 | BB1: 53 | BC1: 54 | BD1: 55 | BE1: 56 | BF1: 57 | BG1: 58 | BH1: 59 | BI1: 60 | BJ1: 61 | BK1: 62 | BL1: 63 | BM1: 64 | BN1: 65 | BO1: 66 | BP1: 67 | BQ1: 68 | BR1: 69 | BS1: 70 | BT1: 71 | BU1: 72 | BV1: 73 | BW1: 74 | BX1: 75 | BY1: 76 | BZ1: 77 | CA1: 78 | CB1: 79 | CC1: 80 | CD1: 81 | CE1: 82 | CF1: 83 | CG1: 84 | CH1: 85 | CI1: 86 | CJ1: 87 | CK1: 88 | CL1: 89 | CM1: 90 | CN1: 91 | CO1: 92 | CP1: 93 | CQ1: 94 | CR1: 95 | CS1: 96 | CT1: 97 | CU1: 98 | CV1: 99 | CW1: 100 | CX1: 101 | CY1: 102 | CZ1: 103 | DA1: 104 | DB1: 105 | DC1: 106 | DD1: 107 | DE1: 108 | DF1: 109 | DG1: 110 | DH1: 111 | DI1: 112 | DJ1: 113 | DK1: 114 | DL1: 115 | DM1: 116 | DN1: 117 | DO1: 118 | DP1: 119 | DQ1: 120 | DR1: 121
A2: Rsd | B2: 3.7280362 | C2: 34.280856 | D2: 0.48291924 | E2: 17.677397 | F2: 36.356639 | G2: 61.808762 | H2: 70.640774 | I2: 75.550156 | J2: 116.60375 | K2: 0 | L2: 172.6981 | M2: 87.529285 | N2: 59.319447 | O2: 31.999619 | P2: 32.084902 | Q2: 20.646625 | R2: 31.457075 | S2: 57.974094 | T2: 42.665057 | U2: 104.15609 | V2: 40.879434 | W2: 156.07424 | X2: 108.72642 | Y2: 8.75 | Z2: 8.75 | AA2: 14.265636 | AB2: 14.647418 | AC2: 21.930569 | AD2: 0 | AE2: 42.001523 | AF2: 23.688569 | AG2: 74.638224 | AH2: 91.054872 | AI2: 38.159746 | AJ2: 8.75 | AK2: 4.8780402 | AL2: 0 | AM2: 3.360742 | AN2: 0.20657289 | AO2: 0 | AP2: 0 | AQ2: 59.556711 | AR2: 52.71726 | AS2: 70.730143 | AT2: 122.63776 | AU2: 0 | AV2: 0 | AW2: 0 | AX2: 0 | AY2: 25.542683 | AZ2: 39.558768 | BA2: 13.157201 | BB2: 0 | BC2: 55.532247 | BD2: 81.327637 | BE2: 100.7572 | BF2: 139.79781 | BG2: 139.63407 | BH2: 176.21598 | BI2: 81.131976 | BJ2: 54.705445 | BK2: 5.0320723 | BL2: 1.4196084 | BM2: 0 | BN2: 3.76024 | BO2: 56.486266 | BP2: 43.802823 | BQ2: 95.3909 | BR2: 129.81034 | BS2: 148.06807 | BT2: 0 | BU2: 83.486191 | BV2: 37.254853 | BW2: 31.675764 | BX2: 9.5294953 | BY2: 28.967635 | BZ2: 18.933856 | CA2: 58.324763 | CB2: 63.562169 | CC2: 102.1363 | CD2: 117.01925 | CE2: 152.16393 | CF2: 169.16448 | CG2: 4.027463 | CH2: 41.367657 | CI2: 20.112886 | CJ2: 9.2216864 | CK2: 38.280766 | CL2: 0 | CM2: 37.475191 | CN2: 44.109609 | CO2: 98.228405 | CP2: 93.581024 | CQ2: 134.02298 | CR2: 0 | CS2: 3.9741608 | CT2: 24.612514 | CU2: 2.9656973 | CV2: 18.248982 | CW2: 22.333216 | CX2: 20.115813 | CY2: 29.265052 | CZ2: 49.742727 | DA2: 73.491936 | DB2: 90.027429 | DC2: 141.90794 | DD2: 8.75 | DE2: 9.2647103 | DF2: 0.90431722 | DG2: 0 | DH2: 12.799751 | DI2: 25.636358 | DJ2: 13.242126 | DK2: 48.343456 | DL2: 55.942315 | DM2: 83.604208 | DN2: 112.15734 | DO2: 167.36003 | DP2: 7.2136533 | DQ2: 17.816805 | DR2: #N/A
A3: DivD | B3: 8.75 | C3: 6.0648991 | D3: 8.75 | E3: 8.75 | F3: 0 | G3: 0 | H3: 2.291003 | I3: 8.75 | J3: 8.75 | K3: 8.7282488 | L3: 8.75 | M3: 4.1072459 | N3: 1.3003062 | O3: 8.75 | P3: 0 | Q3: 8.75 | R3: 0 | S3: 5.8080009 | T3: 8.75 | U3: 0 | V3: 32.339875 | W3: 16.265332 | X3: 37.184294 | Y3: 20.117254 | Z3: 26.096905 | AA3: 11.660474 | AB3: 11.173755 | AC3: 14.27519 | AD3: 22.741403 | AE3: 14.868378 | AF3: 13.346164 | AG3: 20.333148 | AH3: 16.269912 | AI3: 20.395485 | AJ3: 33.400327 | AK3: 9.5925882 | AL3: 5.0320004 | AM3: 0.67085033 | AN3: 4.2719055 | AO3: 0 | AP3: 8.75 | AQ3: 0 | AR3: 5.843741 | AS3: 10.728088 | AT3: 3.3743984 | AU3: 14.858279 | AV3: 8.3996894 | AW3: 1.646636 | AX3: 1.9254372 | AY3: 0.39054324 | AZ3: 0 | BA3: 8.75 | BB3: 8.75 | BC3: 4.7334982 | BD3: 0 | BE3: 0.040457501 | BF3: 0 | BG3: 7.5661809 | BH3: 5.2826494 | BI3: 9.6779077 | BJ3: 4.1102283 | BK3: 3.7479688 | BL3: 0 | BM3: 8.75 | BN3: 8.75 | BO3: 0 | BP3: 8.7487736 | BQ3: 2.398113 | BR3: 0 | BS3: 16.39356 | BT3: 21.219794 | BU3: 3.7393735 | BV3: 8.75 | BW3: 0.38272263 | BX3: 2.6350525 | BY3: 0 | BZ3: 1.2575737 | CA3: 4.0279893 | CB3: 8.75 | CC3: 0 | CD3: 8.75 | CE3: 8.1178645 | CF3: 7.3708252 | CG3: 7.2274367 | CH3: 13.29995 | CI3: 19.163663 | CJ3: 18.8556 | CK3: 4.8644455 | CL3: 21.981857 | CM3: 13.950146 | CN3: 19.858986 | CO3: 7.0022469 | CP3: 25.935374 | CQ3: 24.440243 | CR3: 25.372243 | CS3: 11.015111 | CT3: 9.8500475 | CU3: 0 | CV3: 4.9328455 | CW3: 13.504863 | CX3: 7.2050703 | CY3: 17.362879 | CZ3: 20.553392 | DA3: 19.030346 | DB3: 26.56735 | DC3: 13.0597 | DD3: 14.930438 | DE3: 10.308011 | DF3: 0 | DG3: 4.8418432 | DH3: 6.7916809 | DI3: 7.3772309 | DJ3: 8.6216522 | DK3: 3.1948253 | DL3: 7.0029929 | DM3: 8.6103538 | DN3: 8.75 | DO3: 0 | DP3: 4.7995981 | DQ3: 1.7861709 | DR3: #N/A
A4: Rsriv | B4: 19.025073 | C4: 14.91748 | D4: 17.590706 | E4: 13.063659 | F4: 30.909991 | G4: 45.306057 | H4: 39.570104 | I4: 185.1927 | J4: 14.387025 | K4: 13.981169 | L4: 13.908908 | M4: 14.808465 | N4: 14.257591 | O4: 16.683318 | P4: 14.449213 | Q4: 26.256744 | R4: 12.724144 | S4: 18.106177 | T4: 31.685722 | U4: 49.251831 | V4: 27.51157 | W4: 13.52395 | X4: 29.741171 | Y4: 14.825762 | Z4: 25.825882 | AA4: 13.461547 | AB4: 13.862962 | AC4: 16.73298 | AD4: 25.003055 | AE4: 15.653112 | AF4: 14.473944 | AG4: 19.330453 | AH4: 13.428505 | AI4: 13.829099 | AJ4: 31.925341 | AK4: 18.996117 | AL4: 18.630783 | AM4: 14.957044 | AN4: 19.970494 | AO4: 15.023424 | AP4: 24.094948 | AQ4: 13.66856 | AR4: 19.84379 | AS4: 23.543321 | AT4: 14.68671 | AU4: 22.400474 | AV4: 16.891319 | AW4: 14.599083 | AX4: 15.763801 | AY4: 15.617054 | AZ4: 24.438298 | BA4: 43.896581 | BB4: 80.380831 | BC4: 337.61118 | BD4: 299.46866 | BE4: 234.37736 | BF4: 160.29289 | BG4: 17.259536 | BH4: 16.555555 | BI4: 26.011825 | BJ4: 23.421932 | BK4: 17.432247 | BL4: 20.077226 | BM4: 27.452823 | BN4: 24.944418 | BO4: 13.42962 | BP4: 24.520514 | BQ4: 14.283673 | BR4: 17.708593 | BS4: 22.066534 | BT4: 21.182751 | BU4: 22.66686 | BV4: 21.959741 | BW4: 19.634208 | BX4: 17.01396 | BY4: 13.41113 | BZ4: 20.398613 | CA4: 53.624364 | CB4: 228.27337 | CC4: 276.71799 | CD4: 16.212319 | CE4: 14.953939 | CF4: 14.238353 | CG4: 14.583041 | CH4: 19.526228 | CI4: 23.974511 | CJ4: 23.815288 | CK4: 15.682459 | CL4: 31.281891 | CM4: 16.343126 | CN4: 23.356295 | CO4: 17.760767 | CP4: 25.375082 | CQ4: 25.081201 | CR4: 19.684582 | CS4: 15.345557 | CT4: 20.669256 | CU4: 16.803504 | CV4: 17.955129 | CW4: 31.406961 | CX4: 19.237309 | CY4: 27.414378 | CZ4: 31.098579 | DA4: 26.068698 | DB4: 29.851504 | DC4: 14.11265 | DD4: 18.667833 | DE4: 21.840482 | DF4: 13.237944 | DG4: 22.862416 | DH4: 22.464997 | DI4: 22.534796 | DJ4: 25.997176 | DK4: 21.262949 | DL4: 23.642585 | DM4: 25.380358 | DN4: 19.789581 | DO4: 23.764522 | DP4: 23.236515 | DQ4: 16.046743 | DR4: #N/A
A5: Rgd | B5: 46.90396 | C5: 0 | D5: 19.915599 | E5: 8.75 | F5: 0 | G5: 0 | H5: 0 | I5: 8.75 | J5: 5.2760596 | K5: 160.28245 | L5: 0 | M5: 0 | N5: 0 | O5: 0 | P5: 0 | Q5: 8.75 | R5: 0 | S5: 0 | T5: 8.75 | U5: 0 | V5: 50.9779 | W5: 0.00035760909 | X5: 10.572438 | Y5: 54.718787 | Z5: 18.029875 | AA5: 6.9413832 | AB5: 0 | AC5: 0 | AD5: 3.7654158 | AE5: 1.3320572 | AF5: 8.75 | AG5: 0 | AH5: 8.75 | AI5: 107.87384 | AJ5: 133.94019 | AK5: 70.246877 | AL5: 52.866233 | AM5: 32.516576 | AN5: 23.961417 | AO5: 36.603136 | AP5: 18.038783 | AQ5: 0 | AR5: 6.5084979 | AS5: 8.7305635 | AT5: 0 | AU5: 153.93734 | AV5: 170.60424 | AW5: 88.06116 | AX5: 57.603014 | AY5: 12.672873 | AZ5: 0 | BA5: 8.75 | BB5: 8.75 | BC5: 0.00048515787 | BD5: 0 | BE5: 0 | BF5: 0 | BG5: 8.7468742 | BH5: 0 | BI5: 0 | BJ5: 0.88099439 | BK5: 33.37208 | BL5: 29.811975 | BM5: 30.210356 | BN5: 8.75 | BO5: 3.6732499 | BP5: 8.75 | BQ5: 3.3729188 | BR5: 0 | BS5: 5.045465 | BT5: 158.36577 | BU5: 3.5135043 | BV5: 12.930033 | BW5: 7.1827741 | BX5: 18.154305 | BY5: 12.602991 | BZ5: 7.3734414 | CA5: 0.49614784 | CB5: 0 | CC5: 0 | CD5: 3.0397796 | CE5: 8.5241433 | CF5: 3.487093 | CG5: 80.493464 | CH5: 5.6628404 | CI5: 0.43826669 | CJ5: 2.0196396 | CK5: 0.8627449 | CL5: 5.8842521 | CM5: 8.75 | CN5: 5.4886253 | CO5: 0.16039972 | CP5: 8.75 | CQ5: 8.5519312 | CR5: 153.70173 | CS5: 73.264547 | CT5: 21.669838 | CU5: 34.870683 | CV5: 1.4777838 | CW5: 3.3635612 | CX5: 3.0244785 | CY5: 8.75 | CZ5: 0.30827101 | DA5: 8.75 | DB5: 8.75 | DC5: 8.75 | DD5: 154.94658 | DE5: 71.359206 | DF5: 57.123782 | DG5: 30.424377 | DH5: 8.75 | DI5: 8.75 | DJ5: 7.7774554 | DK5: 6.8100335 | DL5: 7.8777257 | DM5: 8.409002 | DN5: 8.7096137 | DO5: 2.7572566 | DP5: 167.83101 | DQ5: 55.902217 | DR5: #N/A
A6: fy | B6: 59.381996 | C6: 40.345755 | D6: 29.148519 | E6: 35.177397 | F6: 36.356639 | G6: 61.808762 | H6: 72.931777 | I6: 93.050156 | J6: 130.62981 | K6: 169.0107 | L6: 181.4481 | M6: 91.63653 | N6: 60.619753 | O6: 40.749619 | P6: 32.084902 | Q6: 38.146625 | R6: 31.457075 | S6: 63.782095 | T6: 60.165057 | U6: 104.15609 | V6: 124.19721 | W6: 172.33993 | X6: 156.48315 | Y6: 83.58604 | Z6: 52.876779 | AA6: 32.867494 | AB6: 25.821173 | AC6: 36.205759 | AD6: 26.506819 | AE6: 58.201958 | AF6: 45.784733 | AG6: 94.971372 | AH6: 116.07478 | AI6: 166.42907 | AJ6: 176.09051 | AK6: 84.717505 | AL6: 57.898233 | AM6: 36.548168 | AN6: 28.439895 | AO6: 36.603136 | AP6: 26.788783 | AQ6: 59.556711 | AR6: 65.069499 | AS6: 90.188794 | AT6: 126.01216 | AU6: 168.79562 | AV6: 179.00393 | AW6: 89.707796 | AX6: 59.528451 | AY6: 38.6061 | AZ6: 39.558768 | BA6: 30.657201 | BB6: 17.5 | BC6: 60.26623 | BD6: 81.327637 | BE6: 100.79766 | BF6: 139.79781 | BG6: 155.94713 | BH6: 181.49863 | BI6: 90.809884 | BJ6: 59.696668 | BK6: 42.152121 | BL6: 31.231584 | BM6: 38.960356 | BN6: 21.26024 | BO6: 60.159516 | BP6: 61.301597 | BQ6: 101.16193 | BR6: 129.81034 | BS6: 169.5071 | BT6: 179.58556 | BU6: 90.739069 | BV6: 58.934885 | BW6: 39.241261 | BX6: 30.318853 | BY6: 41.570627 | BZ6: 27.564871 | CA6: 62.8489 | CB6: 72.312169 | CC6: 102.1363 | CD6: 128.80903 | CE6: 168.80593 | CF6: 180.0224 | CG6: 91.748364 | CH6: 60.330447 | CI6: 39.714816 | CJ6: 30.096926 | CK6: 44.007957 | CL6: 27.86611 | CM6: 60.175337 | CN6: 69.45722 | CO6: 105.39105 | CP6: 128.2664 | CQ6: 167.01515 | CR6: 179.07397 | CS6: 88.253818 | CT6: 56.1324 | CU6: 37.83638 | CV6: 24.659611 | CW6: 39.20164 | CX6: 30.345362 | CY6: 55.377931 | CZ6: 70.60439 | DA6: 101.27228 | DB6: 125.34478 | DC6: 163.71764 | DD6: 178.62701 | DE6: 90.931928 | DF6: 58.028099 | DG6: 35.266221 | DH6: 28.341432 | DI6: 41.763589 | DJ6: 29.641234 | DK6: 58.348315 | DL6: 70.823033 | DM6: 100.62356 | DN6: 129.61696 | DO6: 170.11728 | DP6: 179.84426 | DQ6: 75.505193 | DR6: #N/A
A7: def | B7: 0.60120423 | C7: -0.35695538 | D7: 0.84308134 | E7: 4.8114027 | F7: -6.3650386 | G7: -1.8255624 | H7: -2.9513765 | I7: 6.9218439 | J7: -0.66620629 | K7: 0.94169662 | L7: -1.4984975 | M7: -1.6617304 | N7: -0.63655319 | O7: -0.76081925 | P7: -2.0933017 | Q7: 1.8421745 | R7: -1.4654752 | S7: -3.7988948 | T7: 9.8153425 | U7: -4.1840927 | V7: 5.7663911 | W7: -2.387527 | X7: 23.466446 | Y7: 6.3887598 | Z7: 7.1064207 | AA7: 7.1213061 | AB7: 4.1704271 | AC7: 3.7830414 | AD7: 3.4847812 | AE7: 1.7812418 | AF7: 24.195667 | AG7: 5.0006276 | AH7: 13.888816 | AI7: 3.5233329 | AJ7: 3.8590866 | AK7: 5.2572946 | AL7: 2.0849669 | AM7: 3.4406316 | AN7: 1.551705 | AO7: 3.3856635 | AP7: 3.202817 | AQ7: 0.42648881 | AR7: 4.9109006 | AS7: 9.7832057 | AT7: 3.9514437 | AU7: 1.1567785 | AV7: 0.945673 | AW7: 0.26700383 | AX7: 0.45474886 | AY7: 1.3827 | AZ7: -9.5671684 | BA7: 9.3315992 | BB7: 12.4916 | BC7: -0.2830302 | BD7: -11.347237 | BE7: -0.82565592 | BF7: -9.8342069 | BG7: 14.005275 | BH7: -1.5490265 | BI7: -0.83508403 | BJ7: 0.28653197 | BK7: -2.1633211 | BL7: -1.2399836 | BM7: 1.0284437 | BN7: 8.73136 | BO7: -0.1763162 | BP7: 8.6788031 | BQ7: -1.1899315 | BR7: 0.15325996 | BS7: 0.44530193 | BT7: 0.36403586 | BU7: -0.76426901 | BV7: 1.0483147 | BW7: 0.74753948 | BX7: -0.3272526 | BY7: -1.5818267 | BZ7: 2.4267292 | CA7: -2.8657001 | CB7: -2.3317688 | CC7: -2.1643036 | CD7: 1.1545684 | CE7: 1.1464664 | CF7: -0.072800781 | CG7: -1.7735635 | CH7: -0.34724731 | CI7: 0.27398398 | CJ7: -0.10532614 | CK7: -4.0191568 | CL7: 2.1254905 | CM7: -0.19213701 | CN7: 0.5231795 | CO7: -5.4190517 | CP7: 1.6972021 | CQ7: 2.9372454 | CR7: 0.87563152 | CS7: 1.7209815 | CT7: 3.8507998 | CU7: 2.1524199 | CV7: 5.3319888 | CW7: 0.78716013 | CX7: -0.35376166 | CY7: 4.6052689 | CZ7: -0.62399016 | DA7: -1.3002828 | DB7: 4.6188211 | DC7: 6.2347581 | DD7: 1.3225868 | DE7: -0.95712807 | DF7: 1.9551011 | DG7: 4.7225793 | DH7: 1.6501682 | DI7: -1.7747886 | DJ7: 0.35036629 | DK7: 1.6348855 | DL7: -0.84263339 | DM7: -0.65156379 | DN7: 0.34664344 | DO7: -0.1648848 | DP7: 0.10533612 | DQ7: 14.469607 | DR7: #N/A
A8: Ss | B8: 241.04 | C8: 209.19644 | D8: 159.95528 | E8: 147.51906 | F8: 133.65778 | G8: 437.20945 | H8: 645.13623 | I8: 805.51699 | J8: 758.05044 | K8: 643.66517 | L8: 607.87367 | M8: 393.04857 | N8: 273.50672 | O8: 192.35745 | P8: 199.98942 | Q8: 181.11262 | R8: 164.99265 | S8: 192.20973 | T8: 247.00206 | U8: 593.51884 | V8: 778.35718 | W8: 749.80148 | X8: 565.20303 | Y8: 399.72635 | Z8: 359.64472 | AA8: 316.49759 | AB8: 286.34218 | AC8: 278.505 | AD8: 253.32786 | AE8: 248.7461 | AF8: 400.44507 | AG8: 571.01083 | AH8: 497.35283 | AI8: 373.81206 | AJ8: 293.79564 | AK8: 224.192 | AL8: 186.7617 | AM8: 160.06528 | AN8: 152.88131 | AO8: 144.26187 | AP8: 140.05785 | AQ8: 149.7772 | AR8: 180.49453 | AS8: 324.01086 | AT8: 409.17879 | AU8: 277.52694 | AV8: 231.13037 | AW8: 189.93874 | AX8: 157.28414 | AY8: 135.08791 | AZ8: 143.11348 | BA8: 137.013 | BB8: 162.09168 | BC8: 184.67715 | BD8: 133.52451 | BE8: 329.96493 | BF8: 727.70627 | BG8: 796.23313 | BH8: 615.51123 | BI8: 388.02865 | BJ8: 260.53606 | BK8: 171.61819 | BL8: 146.37648 | BM8: 136.76097 | BN8: 134.56403 | BO8: 166.90267 | BP8: 291.92238 | BQ8: 448.61139 | BR8: 739.71327 | BS8: 608.64559 | BT8: 414.43419 | BU8: 362.1733 | BV8: 238.97584 | BW8: 168.54533 | BX8: 135.61948 | BY8: 137.99948 | BZ8: 135.64497 | CA8: 163.42881 | CB8: 188.57204 | CC8: 672.37384 | CD8: 765.92563 | CE8: 660.617 | CF8: 472.76012 | CG8: 262.07028 | CH8: 225.63099 | CI8: 156.45606 | CJ8: 137.14589 | CK8: 154.65069 | CL8: 153.63187 | CM8: 332.22127 | CN8: 487.12256 | CO8: 653.49257 | CP8: 612.0562 | CQ8: 489.15678 | CR8: 301.28382 | CS8: 253.05415 | CT8: 215.10893 | CU8: 157.74134 | CV8: 142.00414 | CW8: 158.61067 | CX8: 138.33089 | CY8: 180.54207 | CZ8: 330.21624 | DA8: 530.58414 | DB8: 575.11832 | DC8: 443.43306 | DD8: 260.92038 | DE8: 206.07062 | DF8: 158.99101 | DG8: 138.21991 | DH8: 135.4887 | DI8: 212.34025 | DJ8: 234.5475 | DK8: 346.7395 | DL8: 381.92269 | DM8: 591.21011 | DN8: 610.59471 | DO8: 469.24429 | DP8: 250.41618 | DQ8: 195.29686 | DR8: 149.5494
A9: As | B9: 27.164196 | C9: 24.598358 | D9: 20.231414 | E9: 19.051807 | F9: 17.700577 | G9: 38.497897 | H9: 42.108635 | I9: 38.986772 | J9: 40.446688 | K9: 42.11346 | L9: 42.097493 | M9: 36.617783 | N9: 29.571451 | O9: 23.159557 | P9: 23.818694 | Q9: 22.167167 | R9: 20.70042 | S9: 23.146684 | T9: 27.622057 | U9: 42.019105 | V9: 39.877272 | W9: 40.65444 | X9: 41.743654 | Y9: 36.927114 | Z9: 34.936544 | AA9: 32.434625 | AB9: 30.464993 | AC9: 29.923325 | AD9: 28.100078 | AE9: 27.754648 | AF9: 36.959875 | AG9: 41.813223 | AH9: 40.431132 | AI9: 35.676849 | AJ9: 30.968745 | AK9: 25.83191 | AL9: 22.668876 | AM9: 20.24171 | AN9: 19.564223 | AO9: 18.737743 | AP9: 18.329246 | AQ9: 19.268296 | AR9: 22.111886 | AS9: 32.89706 | AT9: 37.349728 | AU9: 29.854864 | AV9: 26.38745 | AW9: 22.948233 | AX9: 19.980658 | AY9: 17.841767 | AZ9: 18.626507 | BA9: 18.031176 | BB9: 20.430944 | BC9: 22.484485 | BD9: 17.687399 | BE9: 33.25551 | BF9: 41.143866 | BG9: 39.307761 | BH9: 42.122403 | BI9: 36.379375 | BJ9: 28.635025 | BK9: 21.309565 | BL9: 18.941879 | BM9: 18.006421 | BN9: 17.790094 | BO9: 20.876925 | BP9: 30.843183 | BQ9: 38.919973 | BR9: 40.890015 | BS9: 42.100541 | BT9: 37.576964 | BU9: 35.071617 | BV9: 27.004021 | BW9: 21.02814 | BX9: 17.894143 | BY9: 18.127949 | BZ9: 17.896653 | CA9: 20.555361 | CB9: 22.828307 | CC9: 41.941096 | CD9: 40.235652 | CE9: 42.031613 | CF9: 39.728058 | CG9: 28.747544 | CH9: 25.947918 | CI9: 19.902631 | CJ9: 18.044224 | CK9: 19.732043 | CL9: 19.635487 | CM9: 33.389495 | CN9: 40.153355 | CO9: 42.073013 | CP9: 42.11258 | CQ9: 40.210256 | CR9: 31.463653 | CS9: 28.079561 | CT9: 25.090096 | CU9: 20.023679 | CV9: 18.518803 | CW9: 20.105366 | CX9: 18.160417 | CY9: 22.11614 | CZ9: 33.270483 | DA9: 41.189015 | DB9: 41.858353 | DC9: 38.731504 | DD9: 28.663255 | DE9: 24.33556 | DF9: 20.141057 | DG9: 18.149547 | DH9: 17.881262 | DI9: 24.860697 | DJ9: 26.657513 | DK9: 34.227253 | DL9: 36.082596 | DM9: 42.00265 | DN9: 42.107706 | DO9: 39.617662 | DP9: 27.881046 | DQ9: 23.4148 | DR9: 19.246503
A10: Es | B10: 5.919048 | C10: 2.5082257 | D10: 1.7048918 | E10: 0.19662526 | F10: 0 | G10: 0 | H10: 2.2260689 | I10: 7.0536913 | J10: 13.2798 | K10: 16.29903 | L10: 14.833894 | M10: 9.935004 | N10: 5.3548338 | O10: 1.6324942 | P10: 0.068978792 | Q10: 0 | R10: 0 | S10: 0 | T10: 0.16713879 | U10: 6.7687355 | V10: 11.057004 | W10: 13.776961 | X10: 13.086882 | Y10: 10.768769 | Z10: 6.6798514 | AA10: 3.462624 | AB10: 1.2590964 | AC10: 0 | AD10: 0 | AE10: 0 | AF10: 6.1364244 | AG10: 10.675317 | AH10: 13.459696 | AI10: 12.839274 | AJ10: 12.1241 | AK10: 7.3260438 | AL10: 4.5442311 | AM10: 1.5205867 | AN10: 0.70667127 | AO10: 0 | AP10: 0 | AQ10: 0 | AR10: 1.9803221 | AS10: 7.0036048 | AT10: 10.53768 | AU10: 11.557795 | AV10: 7.9751132 | AW10: 9.6504149 | AX10: 3.6990332 | AY10: 1.4240861 | AZ10: 0.4637197 | BA10: 0.60193219 | BB10: 0 | BC10: 1.8258121 | BD10: 2.6999742 | BE10: 6.3351069 | BF10: 13.314744 | BG10: 18.048996 | BH10: 17.560848 | BI10: 12.14469 | BJ10: 5.7810863 | BK10: 1.5677937 | BL10: 0.19397858 | BM10: 0.5065207 | BN10: 0 | BO10: 0 | BP10: 3.2823565 | BQ10: 7.3305473 | BR10: 13.71004 | BS10: 14.7005 | BT10: 15.001932 | BU10: 9.6093087 | BV10: 6.4555225 | BW10: 2.5182717 | BX10: 1.3868505 | BY10: 0.49713951 | BZ10: 0 | CA10: 0.9262413 | CB10: 3.4813554 | CC10: 5.7729166 | CD10: 11.406356 | CE10: 15.133715 | CF10: 13.506813 | CG10: 9.3966803 | CH10: 4.4956464 | CI10: 1.7341713 | CJ10: 0.75552535 | CK10: 0 | CL10: 0 | CM10: 0 | CN10: 6.7877866 | CO10: 7.1641939 | CP10: 11.504616 | CQ10: 13.829481 | CR10: 11.485886 | CS10: 10.3734 | CT10: 7.1054197 | CU10: 2.422395 | CV10: 1.2166613 | CW10: 0 | CX10: 0 | CY10: 0 | CZ10: 4.9254958 | DA10: 8.5621835 | DB10: 12.382631 | DC10: 14.543789 | DD10: 10.236721 | DE10: 7.6633211 | DF10: 4.0894364 | DG10: 1.8681974 | DH10: 0 | DI10: 0 | DJ10: 0 | DK10: 0 | DL10: 4.1033796 | DM10: 10.084832 | DN10: 14.342802 | DO10: 12.595259 | DP10: 9.2409466 | DQ10: 6.2648122 | DR10: #N/A
A11: Sg | B11: 7530 | C11: 7485.8994 | D11: 7487.3331 | E11: 7465.3215 | F11: 7459.0201 | G11: 7464.5213 | H11: 7474.1934 | I11: 7487.529 | J11: 7498.236 | K11: 7517.3341 | L11: 7390.7623 | M11: 7437.2857 | N11: 7455.2372 | O11: 7464.7825 | P11: 7474.3166 | Q11: 7473.3126 | R11: 7466.0614 | S11: 7467.581 | T11: 7478.0891 | U11: 7479.8023 | V11: 7499.5388 | W11: 7471.4442 | X11: 7509.4671 | Y11: 7529.8472 | Z11: 7484.114 | AA11: 7470.3208 | AB11: 7462.7627 | AC11: 7461.5233 | AD11: 7462.4868 | AE11: 7459.4559 | AF11: 7467.6443 | AG11: 7461.9069 | AH11: 7479.6713 | AI11: 7492.6949 | AJ11: 7419.7918 | AK11: 7328.833 | AL11: 7283.5944 | AM11: 7251.3619 | AN11: 7238.3413 | AO11: 7226.2776 | AP11: 7203.8308 | AQ11: 7198.505 | AR11: 7219.4015 | AS11: 7236.0645 | AT11: 7258.1727 | AU11: 7297.571 | AV11: 7193.5306 | AW11: 7077.035 | AX11: 7018.2344 | AY11: 6982.1313 | AZ11: 6988.1954 | BA11: 7004.207 | BB11: 7009.2206 | BC11: 7013.0587 | BD11: 7037.092 | BE11: 7067.9023 | BF11: 7104.9547 | BG11: 7148.8329 | BH11: 7187.7408 | BI11: 7242.5461 | BJ11: 7272.0101 | BK11: 7291.7417 | BL11: 7273.2815 | BM11: 7256.2052 | BN11: 7243.6125 | BO11: 7245.0837 | BP11: 7265.4869 | BQ11: 7280.0783 | BR11: 7314.9908 | BS11: 7352.7737 | BT11: 7393.7532 | BU11: 7281.2365 | BV11: 7307.0534 | BW11: 7312.862 | BX11: 7320.0944 | BY11: 7311.4301 | BZ11: 7312.7074 | CA11: 7314.654 | CB11: 7335.0866 | CC11: 7358.312 | CD11: 7388.8739 | CE11: 7418.1051 | CF11: 7450.722 | CG11: 7488.9408 | CH11: 7422.872 | CI11: 7427.9792 | CJ11: 7436.8844 | CK11: 7438.4524 | CL11: 7443.6889 | CM11: 7439.0397 | CN11: 7441.5792 | CO11: 7448.4267 | CP11: 7469.9891 | CQ11: 7487.2053 | CR11: 7514.087 | CS11: 7397.1843 | CT11: 7344.3295 | CU11: 7337.6962 | CV11: 7315.6181 | CW11: 7324.741 | CX11: 7333.213 | CY11: 7340.7704 | CZ11: 7350.282 | DA11: 7369.515 | DB11: 7387.5597 | DC11: 7410.0587 | DD11: 7441.6693 | DE11: 7328.8132 | DF11: 7283.243 | DG11: 7250.5505 | DH11: 7236.1823 | DI11: 7242.3842 | DJ11: 7249.3602 | DK11: 7255.4394 | DL11: 7269.508 | DM11: 7287.1587 | DN11: 7311.7927 | DO11: 7340.9474 | DP11: 7385.267 | DQ11: 7263.9664 | DR11: 7233.1886
A12: DeltaSg | B12: -44.100574 | C12: 1.4337034 | D12: -22.011602 | E12: -6.301419 | F12: 5.5011855 | G12: 9.6721234 | H12: 13.335572 | I12: 10.707009 | J12: 19.098088 | K12: -126.57175 | L12: 46.523393 | M12: 17.951471 | N12: 9.5452889 | O12: 9.5340908 | P12: -1.0039399 | Q12: -7.2511982 | R12: 1.5196019 | S12: 10.508087 | T12: 1.7131546 | U12: 19.736511 | V12: -28.094607 | W12: 38.022933 | X12: 20.380089 | Y12: -45.733233 | Z12: -13.793182 | AA12: -7.5581211 | AB12: -1.239416 | AC12: 0.96350214 | AD12: -3.0308971 | AE12: 8.1884064 | AF12: -5.7373705 | AG12: 17.764366 | AH12: 13.023615 | AI12: -72.903115 | AJ12: -90.958753 | AK12: -45.238657 | AL12: -32.232445 | AM12: -13.02056 | AN12: -12.063761 | AO12: -22.446812 | AP12: -5.3257862 | AQ12: 20.896547 | AR12: 16.662986 | AS12: 22.108137 | AT12: 39.398331 | AU12: -104.04035 | AV12: -116.49561 | AW12: -58.800637 | AX12: -36.103082 | AY12: 6.0641142 | AZ12: 16.011532 | BA12: 5.0136914 | BB12: 3.8380675 | BC12: 24.033238 | BD12: 30.810306 | BE12: 37.052491 | BF12: 43.878152 | BG12: 38.907865 | BH12: 54.805309 | BI12: 29.464036 | BJ12: 19.731582 | BK12: -18.460199 | BL12: -17.076279 | BM12: -12.592749 | BN12: 1.4712671 | BO12: 20.403212 | BP12: 14.591356 | BQ12: 34.912471 | BR12: 37.782919 | BS12: 40.979484 | BT12: -112.5167 | BU12: 25.816927 | BV12: 5.8086433 | BW12: 7.2324058 | BX12: -8.6643904 | BY12: 1.2773532 | BZ12: 1.946619 | CA12: 20.432522 | CB12: 23.225443 | CC12: 30.561934 | CD12: 29.231214 | CE12: 32.61687 | CF12: 38.218803 | CG12: -66.068787 | CH12: 5.1071425 | CI12: 8.9052422 | CJ12: 1.5680128 | CK12: 5.2364673 | CL12: -4.6492058 | CM12: 2.5394727 | CN12: 6.8475038 | CO12: 21.562422 | CP12: 17.216256 | CQ12: 26.881658 | CR12: -116.90274 | CS12: -52.854807 | CT12: -6.6332027 | CU12: -22.078145 | CV12: 9.1229285 | CW12: 8.4719231 | CX12: 7.5574211 | CY12: 9.511662 | CZ12: 19.232937 | DA12: 18.044676 | DB12: 22.499047 | DC12: 31.610636 | DD12: -112.85613 | DE12: -45.570219 | DF12: -32.692521 | DG12: -14.368156 | DH12: 6.2019037 | DI12: 6.9759479 | DJ12: 6.0792846 | DK12: 14.068582 | DL12: 17.650674 | DM12: 24.634037 | DN12: 29.154708 | DO12: 44.319602 | DP12: -121.30063 | DQ12: -30.777853 | DR12: #N/A
A13: dhg | B13: -1.7556306 | C13: 0.0570753 | D13: -0.87627527 | E13: -0.25085759 | F13: 0.21900054 | G13: 0.38504432 | H13: 0.5308851 | I13: 0.42624281 | J13: 0.76028915 | K13: -5.0387833 | L13: 1.8520823 | M13: 0.71464267 | N13: 0.37999508 | O13: 0.37954928 | P13: -0.039966543 | Q13: -0.28866802 | R13: 0.060494893 | S13: 0.41832378 | T13: 0.068200171 | U13: 0.78570454 | V13: -1.1184378 | W13: 1.5136815 | X13: 0.81132521 | Y13: -1.8206262 | Z13: -0.5491024 | AA13: -0.30088653 | AB13: -0.049340777 | AC13: 0.03835673 | AD13: -0.1206591 | AE13: 0.32597799 | AF13: -0.22840299 | AG13: 0.70719405 | AH13: 0.51846621 | AI13: -2.9022511 | AJ13: -3.6210406 | AK13: -1.8009373 | AL13: -1.2831639 | AM13: -0.51834457 | AN13: -0.48025469 | AO13: -0.89360083 | AP13: -0.21201795 | AQ13: 0.83188523 | AR13: 0.66334844 | AS13: 0.88011829 | AT13: 1.5684357 | AU13: -4.1418152 | AV13: -4.6376551 | AW13: -2.3408356 | AX13: -1.4372528 | AY13: 0.24141056 | AZ13: 0.63741425 | BA13: 0.19959355 | BB13: 0.15279231 | BC13: 0.95675596 | BD13: 1.226549 | BE13: 1.4750485 | BF13: 1.746776 | BG13: 1.5489104 | BH13: 2.1817829 | BI13: 1.1729544 | BJ13: 0.78550833 | BK13: -0.73489498 | BL13: -0.67980151 | BM13: -0.50131356 | BN13: 0.058570701 | BO13: 0.81224574 | BP13: 0.58087748 | BQ13: 1.389855 | BR13: 1.5041266 | BS13: 1.6313809 | BT13: -4.479256 | BU13: 1.0277641 | BV13: 0.23124034 | BW13: 0.2879199 | BX13: -0.34492677 | BY13: 0.050851046 | BZ13: 0.077494316 | CA13: 0.81341253 | CB13: 0.92459791 | CC13: 1.2166614 | CD13: 1.1636858 | CE13: 1.2984678 | CF13: 1.521479 | CG13: -2.6301785 | CH13: 0.2033138 | CI13: 0.35451501 | CJ13: 0.062422118 | CK13: 0.20846219 | CL13: -0.18508348 | CM13: 0.10109564 | CN13: 0.27259707 | CO13: 0.85839351 | CP13: 0.68537396 | CQ13: 1.0701507 | CR13: -4.653863 | CS13: -2.1041339 | CT13: -0.2640658 | CU13: -0.87892432 | CV13: 0.36318104 | CW13: 0.33726471 | CX13: 0.30085866 | CY13: 0.3786564 | CZ13: 0.76565742 | DA13: 0.71835313 | DB13: 0.8956803 | DC13: 1.2584099 | DD13: -4.4927685 | DE13: -1.8141367 | DF13: -1.3014794 | DG13: -0.57199194 | DH13: 0.24689592 | DI13: 0.27771039 | DJ13: 0.24201449 | DK13: 0.56006601 | DL13: 0.70266802 | DM13: 0.98067359 | DN13: 1.1606401 | DO13: 1.76435 | DP13: -4.8289415 | DQ13: -1.2252571 | DR13: #N/A
A14: hg | B14: 298 | C14: 296.24437 | D14: 296.30144 | E14: 295.42517 | F14: 295.17431 | G14: 295.39331 | H14: 295.77836 | I14: 296.30924 | J14: 296.73548 | K14: 297.49577 | L14: 292.45699 | M14: 294.30907 | N14: 295.02372 | O14: 295.40371 | P14: 295.78326 | Q14: 295.74329 | R14: 295.45463 | S14: 295.51512 | T14: 295.93344 | U14: 296.00164 | V14: 296.78735 | W14: 295.66891 | X14: 297.18259 | Y14: 297.99392 | Z14: 296.17329 | AA14: 295.62419 | AB14: 295.3233 | AC14: 295.27396 | AD14: 295.31232 | AE14: 295.19166 | AF14: 295.51764 | AG14: 295.28923 | AH14: 295.99643 | AI14: 296.51489 | AJ14: 293.61264 | AK14: 289.9916 | AL14: 288.19067 | AM14: 286.9075 | AN14: 286.38916 | AO14: 285.9089 | AP14: 285.0153 | AQ14: 284.80328 | AR14: 285.63517 | AS14: 286.29852 | AT14: 287.17864 | AU14: 288.74707 | AV14: 284.60526 | AW14: 279.9676 | AX14: 277.62677 | AY14: 276.18951 | AZ14: 276.43092 | BA14: 277.06834 | BB14: 277.26793 | BC14: 277.42072 | BD14: 278.37748 | BE14: 279.60403 | BF14: 281.07908 | BG14: 282.82585 | BH14: 284.37476 | BI14: 286.55655 | BJ14: 287.7295 | BK14: 288.51501 | BL14: 287.78011 | BM14: 287.10031 | BN14: 286.599 | BO14: 286.65757 | BP14: 287.46981 | BQ14: 288.05069 | BR14: 289.44055 | BS14: 290.94467 | BT14: 292.57605 | BU14: 288.0968 | BV14: 289.12456 | BW14: 289.3558 | BX14: 289.64372 | BY14: 289.2988 | BZ14: 289.34965 | CA14: 289.42714 | CB14: 290.24055 | CC14: 291.16515 | CD14: 292.38181 | CE14: 293.5455 | CF14: 294.84397 | CG14: 296.36545 | CH14: 293.73527 | CI14: 293.93858 | CJ14: 294.2931 | CK14: 294.35552 | CL14: 294.56398 | CM14: 294.3789 | CN14: 294.47999 | CO14: 294.75259 | CP14: 295.61098 | CQ14: 296.29636 | CR14: 297.36651 | CS14: 292.71265 | CT14: 290.60851 | CU14: 290.34445 | CV14: 289.46552 | CW14: 289.8287 | CX14: 290.16597 | CY14: 290.46683 | CZ14: 290.84548 | DA14: 291.61114 | DB14: 292.32949 | DC14: 293.22517 | DD14: 294.48358 | DE14: 289.99081 | DF14: 288.17668 | DG14: 286.8752 | DH14: 286.30321 | DI14: 286.5501 | DJ14: 286.82781 | DK14: 287.06983 | DL14: 287.62989 | DM14: 288.33256 | DN14: 289.31323 | DO14: 290.47387 | DP14: 292.23822 | DQ14: 287.40928 | DR14: 286.18403
A15: hriv | B15: 0.16158808 | C15: 0.1492281 | D15: 0.15732477 | E15: 0.14376787 | F15: 0.19846957 | G15: 0.24583414 | H15: 0.22049169 | I15: 0.62357511 | J15: 0.14597003 | K15: 0.14476903 | L15: 0.14455516 | M15: 0.1472168 | N15: 0.1472633 | O15: 0.15595109 | P15: 0.1476018 | Q15: 0.18368068 | R15: 0.14276373 | S15: 0.16105382 | T15: 0.19769719 | U15: 0.24818046 | V15: 0.1847008 | W15: 0.14341565 | X15: 0.19118607 | Y15: 0.14729022 | Z15: 0.18224881 | AA15: 0.14455918 | AB15: 0.14595344 | AC15: 0.15455327 | AD15: 0.18023215 | AE15: 0.15332054 | AF15: 0.14625501 | AG15: 0.16070582 | AH15: 0.14315535 | AI15: 0.14435234 | AJ15: 0.19756192 | AK15: 0.15978076 | AL15: 0.16052418 | AM15: 0.15024524 | AN15: 0.16443325 | AO15: 0.14934492 | AP15: 0.17723061 | AQ15: 0.14674037 | AR15: 0.16227486 | AS15: 0.17328943 | AT15: 0.14688446 | AU15: 0.16961741 | AV15: 0.15337356 | AW15: 0.1466308 | AX15: 0.1517958 | AY15: 0.15198515 | AZ15: 0.17821582 | BA15: 0.23691219 | BB15: 0.34524332 | BC15: 1.0543596 | BD15: 0.9105911 | BE15: 0.75028756 | BF15: 0.55690084 | BG15: 0.15446111 | BH15: 0.15238164 | BI15: 0.1802334 | BJ15: 0.17491834 | BK15: 0.15672103 | BL15: 0.16476966 | BM15: 0.18771538 | BN15: 0.17961484 | BO15: 0.1466271 | BP15: 0.1762782 | BQ15: 0.14687724 | BR15: 0.15580926 | BS15: 0.16863447 | BT15: 0.16603757 | BU15: 0.17041795 | BV15: 0.17054888 | BW15: 0.16380441 | BX15: 0.15542783 | BY15: 0.14455453 | BZ15: 0.16575376 | CA15: 0.27159543 | CB15: 0.73452768 | CC15: 0.85541861 | CD15: 0.15143412 | CE15: 0.14768046 | CF15: 0.14553012 | CG15: 0.14660003 | CH15: 0.16312617 | CI15: 0.17761295 | CJ15: 0.17663275 | CK15: 0.15161633 | CL15: 0.19898517 | CM15: 0.15545728 | CN15: 0.17260112 | CO15: 0.15608544 | CP15: 0.17838557 | CQ15: 0.17750016 | CR15: 0.16161695 | CS15: 0.1488942 | CT15: 0.16657177 | CU15: 0.15529069 | CV15: 0.15878577 | CW15: 0.1991471 | CX15: 0.16261851 | CY15: 0.19057515 | CZ15: 0.19533596 | DA15: 0.18061573 | DB15: 0.19151471 | DC15: 0.14520266 | DD15: 0.15863477 | DE15: 0.16796897 | DF15: 0.14483589 | DG15: 0.17368704 | DH15: 0.17265081 | DI15: 0.17225132 | DJ15: 0.18307048 | DK15: 0.1707509 | DL15: 0.17360344 | DM15: 0.17866622 | DN15: 0.16192653 | DO15: 0.17363018 | DP15: 0.17207731 | DQ15: 0.15087808 | DR15: #N/A
A16: qinriv1 | B16: 7.3399202 | C16: 5.7552005 | D16: 6.7865377 | E16: 5.0399918 | F16: 11.925151 | G16: 18.081919 | H16: 14.773784 | I16: 69.143033 | J16: 5.3714997 | K16: 5.2199704 | L16: 5.1929914 | M16: 5.5288476 | N16: 5.5006137 | O16: 6.4364652 | P16: 5.5745421 | Q16: 10.129917 | R16: 4.909006 | S16: 7.2262838 | T16: 11.830093 | U16: 18.388527 | V16: 10.271644 | W16: 5.0492644 | X16: 11.104081 | Y16: 5.5353053 | Z16: 9.9636889 | AA16: 5.193498 | AB16: 5.348365 | AC16: 6.455625 | AD16: 9.6462404 | AE16: 6.247251 | AF16: 5.4039515 | AG16: 7.2171642 | AH16: 5.0136296 | AI16: 5.1631942 | AJ16: 11.919557 | AK16: 7.0923378 | AL16: 7.1878022 | AM16: 5.7704646 | AN16: 7.7046659 | AO16: 5.7960741 | AP16: 9.2958905 | AQ16: 5.4552042 | AR16: 7.4088223 | AS16: 8.7900693 | AT16: 5.4833893 | AU16: 8.363379 | AV16: 6.306496 | AW16: 5.4506733 | AX16: 6.0817135 | AY16: 6.0250978 | AZ16: 9.4283557 | BA16: 16.935409 | BB16: 31.011123 | BC16: 134.74265 | BD16: 111.80879 | BE16: 87.50648 | BF16: 59.846509 | BG16: 6.4439725 | BH16: 6.181136 | BI16: 9.711703 | BJ16: 9.0362393 | BK16: 6.725404 | BL16: 7.7458433 | BM16: 10.591367 | BN16: 9.6236182 | BO16: 5.3598419 | BP16: 9.1549112 | BQ16: 5.3329124 | BR16: 6.6116312 | BS16: 8.2387001 | BT16: 7.9087332 | BU16: 8.4628359 | BV16: 8.4721223 | BW16: 7.574926 | BX16: 6.5640277 | BY16: 5.1740469 | BZ16: 7.8698351 | CA16: 21.401806 | CB16: 85.227513 | CC16: 103.31466 | CD16: 6.0529865 | CE16: 5.5831612 | CF16: 5.315992 | CG16: 5.4446838 | CH16: 7.5332669 | CI16: 9.2494255 | CJ16: 9.1879971 | CK16: 6.0503313 | CL16: 12.068631 | CM16: 6.5226397 | CN16: 8.7202416 | CO16: 6.6311106 | CP16: 9.4739702 | CQ16: 9.3642477 | CR16: 7.3493809 | CS16: 5.7293748 | CT16: 7.97425 | CU16: 6.4828332 | CV16: 6.9271331 | CW16: 12.116883 | CX16: 7.4218011 | CY16: 10.941243 | CZ16: 11.610879 | DA16: 9.7329367 | DB16: 11.145275 | DC16: 5.2690599 | DD16: 6.9697706 | DE16: 8.1543017 | DF16: 5.1072316 | DG16: 8.8203765 | DH16: 8.6670512 | DI16: 8.69398 | DJ16: 10.029775 | DK16: 8.4861707 | DL16: 8.82713 | DM16: 9.4759402 | DN16: 7.3885833 | DO16: 8.872656 | DP16: 8.6755209 | DQ16: 5.9911677 | DR16: #N/A
A17: qlriv1 | B17: 0.0058047645 | C17: 0.027572632 | D17: 0.01959108 | E17: 0.053694072 | F17: 0.11029053 | G17: 0.034528341 | H17: 0.080751765 | I17: 0.099008685 | J17: 0 | K17: 0 | L17: 0 | M17: 0 | N17: 0.034102992 | O17: 0.1959108 | P17: 0.0029023823 | Q17: 0.020316676 | R17: 0.058047645 | S17: 0.051792511 | T17: 0.10673277 | U17: 0.030896327 | V17: 0.0084262711 | W17: 0 | X17: 0.0021065678 | Y17: 0.002808757 | Z17: 0.0043535734 | AA17: 0 | AB17: 0.021042271 | AC17: 0 | AD17: 0.065303601 | AE17: 0.052543127 | AF17: 0.0035109463 | AG17: 0.016852542 | AH17: 0.002808757 | AI17: 0.0042131356 | AJ17: 0 | AK17: 0.024576624 | AL17: 0.023219058 | AM17: 0.14076554 | AN17: 0.0014511911 | AO17: 0.0014511911 | AP17: 0.034102992 | AQ17: 0.01351109 | AR17: 0.023874435 | AS17: 0.039322598 | AT17: 0.0035109463 | AU17: 0 | AV17: 0 | AW17: 0.0042131356 | AX17: 0.025395845 | AY17: 0.10593695 | AZ17: 0.026847036 | BA17: 0.030475014 | BB17: 0.090699446 | BC17: 0.050291279 | BD17: 0.06670798 | BE17: 0.094093361 | BF17: 0 | BG17: 0 | BH17: 0 | BI17: 0 | BJ17: 0 | BK17: 0.0043535734 | BL17: 0.0029023823 | BM17: 0.072559557 | BN17: 0.0094327424 | BO17: 0.094577629 | BP17: 0.054068573 | BQ17: 0.15307726 | BR17: 0.002808757 | BS17: 0 | BT17: 0.00070218926 | BU17: 0.0021065678 | BV17: 0.0094327424 | BW17: 0.051517285 | BX17: 0.0021767867 | BY17: 0.018865485 | BZ17: 0.0036279778 | CA17: 0.050291279 | CB17: 0.051962005 | CC17: 0.063899223 | CD17: 0.0084262711 | CE17: 0.0042131356 | CF17: 0 | CG17: 0.0063197033 | CH17: 0.0072559557 | CI17: 0.12915601 | CJ17: 0.066029197 | CK17: 0.034102992 | CL17: 0.032651801 | CM17: 0.047288815 | CN17: 0.021767867 | CO17: 0.018256921 | CP17: 0.002808757 | CQ17: 0 | CR17: 0 | CS17: 0.011235028 | CT17: 0.0029023823 | CU17: 0.066029197 | CV17: 0.06385241 | CW17: 0.005079169 | CX17: 0.054419668 | CY17: 0.087071468 | CZ17: 0.024576624 | DA17: 0.027385381 | DB17: 0.002808757 | DC17: 0.0056175141 | DD17: 0.0021065678 | DE17: 0 | DF17: 0.12117446 | DG17: 0.059498836 | DH17: 0.081266704 | DI17: 0.0036279778 | DJ17: 0.042810138 | DK17: 0.021017251 | DL17: 0.042131356 | DM17: 0.036513841 | DN17: 0 | DO17: 0 | DP17: 0 | DQ17: 0 | DR17: #N/A
A18: qoutriv1 | B18: 7.3457249 | C18: 5.7827731 | D18: 6.8061288 | E18: 5.0936859 | F18: 12.035441 | G18: 18.116448 | H18: 14.854536 | I18: 69.242041 | J18: 5.3714997 | K18: 5.2199704 | L18: 5.1929914 | M18: 5.5288476 | N18: 5.5347167 | O18: 6.632376 | P18: 5.5774445 | Q18: 10.150233 | R18: 4.9670537 | S18: 7.2780763 | T18: 11.936826 | U18: 18.419424 | V18: 10.28007 | W18: 5.0492644 | X18: 11.106188 | Y18: 5.538114 | Z18: 9.9680425 | AA18: 5.193498 | AB18: 5.3694073 | AC18: 6.455625 | AD18: 9.711544 | AE18: 6.2997941 | AF18: 5.4074624 | AG18: 7.2340168 | AH18: 5.0164383 | AI18: 5.1674073 | AJ18: 11.919557 | AK18: 7.1169144 | AL18: 7.2110213 | AM18: 5.9112302 | AN18: 7.7061171 | AO18: 5.7975253 | AP18: 9.3299935 | AQ18: 5.4687152 | AR18: 7.4326967 | AS18: 8.8293919 | AT18: 5.4869002 | AU18: 8.363379 | AV18: 6.306496 | AW18: 5.4548865 | AX18: 6.1071093 | AY18: 6.1310348 | AZ18: 9.4552028 | BA18: 16.965884 | BB18: 31.101823 | BC18: 134.79294 | BD18: 111.8755 | BE18: 87.600573 | BF18: 59.846509 | BG18: 6.4439725 | BH18: 6.181136 | BI18: 9.711703 | BJ18: 9.0362393 | BK18: 6.7297576 | BL18: 7.7487457 | BM18: 10.663926 | BN18: 9.6330509 | BO18: 5.4544196 | BP18: 9.2089798 | BQ18: 5.4859896 | BR18: 6.6144399 | BS18: 8.2387001 | BT18: 7.9094354 | BU18: 8.4649425 | BV18: 8.4815551 | BW18: 7.6264433 | BX18: 6.5662044 | BY18: 5.1929124 | BZ18: 7.8734631 | CA18: 21.452097 | CB18: 85.279475 | CC18: 103.37856 | CD18: 6.0614128 | CE18: 5.5873743 | CF18: 5.315992 | CG18: 5.4510035 | CH18: 7.5405229 | CI18: 9.3785815 | CJ18: 9.2540263 | CK18: 6.0844343 | CL18: 12.101283 | CM18: 6.5699285 | CN18: 8.7420095 | CO18: 6.6493675 | CP18: 9.476779 | CQ18: 9.3642477 | CR18: 7.3493809 | CS18: 5.7406098 | CT18: 7.9771524 | CU18: 6.5488624 | CV18: 6.9909855 | CW18: 12.121962 | CX18: 7.4762208 | CY18: 11.028314 | CZ18: 11.635456 | DA18: 9.760322 | DB18: 11.148083 | DC18: 5.2746774 | DD18: 6.9718771 | DE18: 8.1543017 | DF18: 5.228406 | DG18: 8.8798753 | DH18: 8.748318 | DI18: 8.6976079 | DJ18: 10.072585 | DK18: 8.5071879 | DL18: 8.8692614 | DM18: 9.512454 | DN18: 7.3885833 | DO18: 8.872656 | DP18: 8.6755209 | DQ18: 5.9911677 | DR18: #N/A
A19: qinriv2 | B19: 7.3457249 | C19: 5.7827731 | D19: 6.8061288 | E19: 5.0936859 | F19: 12.035441 | G19: 18.116448 | H19: 14.854536 | I19: 69.242041 | J19: 5.3714997 | K19: 5.2199704 | L19: 5.1929914 | M19: 5.5288476 | N19: 5.5347167 | O19: 6.632376 | P19: 5.5774445 | Q19: 10.150233 | R19: 4.9670537 | S19: 7.2780763 | T19: 11.936826 | U19: 18.419424 | V19: 10.28007 | W19: 5.0492644 | X19: 11.106188 | Y19: 5.538114 | Z19: 9.9680425 | AA19: 5.193498 | AB19: 5.3694073 | AC19: 6.455625 | AD19: 9.711544 | AE19: 6.2997941 | AF19: 5.4074624 | AG19: 7.2340168 | AH19: 5.0164383 | AI19: 5.1674073 | AJ19: 11.919557 | AK19: 7.1169144 | AL19: 7.2110213 | AM19: 5.9112302 | AN19: 7.7061171 | AO19: 5.7975253 | AP19: 9.3299935 | AQ19: 5.4687152 | AR19: 7.4326967 | AS19: 8.8293919 | AT19: 5.4869002 | AU19: 8.363379 | AV19: 6.306496 | AW19: 5.4548865 | AX19: 6.1071093 | AY19: 6.1310348 | AZ19: 9.4552028 | BA19: 16.965884 | BB19: 31.101823 | BC19: 134.79294 | BD19: 111.8755 | BE19: 87.600573 | BF19: 59.846509 | BG19: 6.4439725 | BH19: 6.181136 | BI19: 9.711703 | BJ19: 9.0362393 | BK19: 6.7297576 | BL19: 7.7487457 | BM19: 10.663926 | BN19: 9.6330509 | BO19: 5.4544196 | BP19: 9.2089798 | BQ19: 5.4859896 | BR19: 6.6144399 | BS19: 8.2387001 | BT19: 7.9094354 | BU19: 8.4649425 | BV19: 8.4815551 | BW19: 7.6264433 | BX19: 6.5662044 | BY19: 5.1929124 | BZ19: 7.8734631 | CA19: 21.452097 | CB19: 85.279475 | CC19: 103.37856 | CD19: 6.0614128 | CE19: 5.5873743 | CF19: 5.315992 | CG19: 5.4510035 | CH19: 7.5405229 | CI19: 9.3785815 | CJ19: 9.2540263 | CK19: 6.0844343 | CL19: 12.101283 | CM19: 6.5699285 | CN19: 8.7420095 | CO19: 6.6493675 | CP19: 9.476779 | CQ19: 9.3642477 | CR19: 7.3493809 | CS19: 5.7406098 | CT19: 7.9771524 | CU19: 6.5488624 | CV19: 6.9909855 | CW19: 12.121962 | CX19: 7.4762208 | CY19: 11.028314 | CZ19: 11.635456 | DA19: 9.760322 | DB19: 11.148083 | DC19: 5.2746774 | DD19: 6.9718771 | DE19: 8.1543017 | DF19: 5.228406 | DG19: 8.8798753 | DH19: 8.748318 | DI19: 8.6976079 | DJ19: 10.072585 | DK19: 8.5071879 | DL19: 8.8692614 | DM19: 9.512454 | DN19: 7.3885833 | DO19: 8.872656 | DP19: 8.6755209 | DQ19: 5.9911677 | DR19: #N/A
A20: qlriv2 | B20: 3.1944687 | C20: 2.678665 | D20: 1.4530115 | E20: 1.0053312 | F20: 4.2464957 | G20: 4.8250963 | H20: 4.4255503 | I20: 2.495349 | J20: 3.7274821 | K20: 4.9785621 | L20: 1.7191157 | M20: 3.0545616 | N20: 4.0716012 | O20: 1.2249996 | P20: 4.5179986 | Q20: 1.2231674 | R20: 4.3345424 | S20: 2.7057363 | T20: 1.9234341 | U20: 5.9515552 | V20: -5.1829465 | W20: 0.96458826 | X20: -6.1261792 | Y20: -0.52296856 | Z20: -4.9020903 | AA20: -0.076181847 | AB20: -0.21327668 | AC20: -1.2695954 | AD20: -4.6520189 | AE20: -1.239237 | AF20: -0.41123913 | AG20: -2.2568663 | AH20: 0.14181837 | AI20: -0.099526429 | AJ20: -6.8219427 | AK20: -2.0928351 | AL20: -2.1642787 | AM20: -0.90635079 | AN20: -2.5945402 | AO20: -0.77852699 | AP20: -4.3318023 | AQ20: -0.28284813 | AR20: -2.4392853 | AS20: -3.7868713 | AT20: -0.38842191 | AU20: -3.3798956 | AV20: -1.2832376 | AW20: -0.42022999 | AX20: -1.0580243 | AY20: -0.79288146 | AZ20: -0.7172874 | BA20: -4.3018971 | BB20: -4.5732436 | BC20: -2.7503285 | BD20: -0.43054741 | BE20: 0.054720018 | BF20: 0.84196698 | BG20: -1.4032142 | BH20: -0.07221165 | BI20: -3.4254338 | BJ20: -1.9378488 | BK20: -1.7637372 | BL20: -0.89142705 | BM20: -4.0676362 | BN20: -4.4635915 | BO20: -0.19353771 | BP20: -3.5751653 | BQ20: -0.31032909 | BR20: 1.9314472 | BS20: -2.4197903 | BT20: -2.9032079 | BU20: -1.1338452 | BV20: -2.9530883 | BW20: 0.099749417 | BX20: -0.78345844 | BY20: 0.2351389 | BZ20: -0.51421986 | CA20: -0.88935973 | CB20: -2.208994 | CC20: 2.1816601 | CD20: 0.68775083 | CE20: 2.4735376 | CF20: 3.8570309 | CG20: 3.319859 | CH20: -1.4907976 | CI20: -3.9040714 | CJ20: -3.7850905 | CK20: 1.9111245 | CL20: -4.8942007 | CM20: -1.4017842 | CN20: -3.1191555 | CO20: 2.5483485 | CP20: -3.5301012 | CQ20: -1.7767441 | CR20: -1.1487518 | CS20: -0.68186637 | CT20: -2.4090648 | CU20: 0.92352634 | CV20: -1.8459086 | CW20: -4.7052814 | CX20: -2.1402271 | CY20: -5.5506335 | CZ20: -5.8828292 | DA20: -4.199482 | DB20: -6.0983889 | DC20: 0.31506718 | DD20: 0.75233381 | DE20: -2.273545 | DF20: -0.12595285 | DG20: -2.6338595 | DH20: -3.4982449 | DI20: -3.5388988 | DJ20: -4.2230066 | DK20: -1.5914877 | DL20: -2.7551397 | DM20: -2.5778753 | DN20: -1.4339626 | DO20: 3.3833054 | DP20: 2.9938112 | DQ20: -0.74440734 | DR20: #N/A
A21: qoutriv2 | B21: 10.540194 | C21: 8.4614381 | D21: 8.2591403 | E21: 6.0990171 | F21: 16.281937 | G21: 22.941544 | H21: 19.280086 | I21: 71.73739 | J21: 9.0989818 | K21: 10.198533 | L21: 6.9121071 | M21: 8.5834092 | N21: 9.6063179 | O21: 7.8573756 | P21: 10.095443 | Q21: 11.373401 | R21: 9.301596 | S21: 9.9838126 | T21: 13.86026 | U21: 24.370979 | V21: 5.0971233 | W21: 6.0138527 | X21: 4.9800086 | Y21: 5.0151455 | Z21: 5.0659522 | AA21: 5.1173161 | AB21: 5.1561306 | AC21: 5.1860296 | AD21: 5.0595251 | AE21: 5.0605571 | AF21: 4.9962233 | AG21: 4.9771505 | AH21: 5.1582567 | AI21: 5.0678809 | AJ21: 5.0976141 | AK21: 5.0240793 | AL21: 5.0467426 | AM21: 5.0048794 | AN21: 5.1115768 | AO21: 5.0189983 | AP21: 4.9981911 | AQ21: 5.1858671 | AR21: 4.9934114 | AS21: 5.0425206 | AT21: 5.0984783 | AU21: 4.9834834 | AV21: 5.0232585 | AW21: 5.0346565 | AX21: 5.0490851 | AY21: 5.3381533 | AZ21: 8.7379154 | BA21: 12.663987 | BB21: 26.528579 | BC21: 132.04261 | BD21: 111.44495 | BE21: 87.655294 | BF21: 60.688476 | BG21: 5.0407583 | BH21: 6.1089244 | BI21: 6.2862692 | BJ21: 7.0983905 | BK21: 4.9660204 | BL21: 6.8573187 | BM21: 6.5962901 | BN21: 5.1694595 | BO21: 5.2608819 | BP21: 5.6338145 | BQ21: 5.1756606 | BR21: 8.5458871 | BS21: 5.8189098 | BT21: 5.0062275 | BU21: 7.3310973 | BV21: 5.5284668 | BW21: 7.7261927 | BX21: 5.782746 | BY21: 5.4280513 | BZ21: 7.3592432 | CA21: 20.562737 | CB21: 83.070481 | CC21: 105.56022 | CD21: 6.7491636 | CE21: 8.0609119 | CF21: 9.1730228 | CG21: 8.7708625 | CH21: 6.0497253 | CI21: 5.4745102 | CJ21: 5.4689357 | CK21: 7.9955588 | CL21: 7.207082 | CM21: 5.1681442 | CN21: 5.622854 | CO21: 9.197716 | CP21: 5.9466778 | CQ21: 7.5875037 | CR21: 6.2006291 | CS21: 5.0587434 | CT21: 5.5680875 | CU21: 7.4723887 | CV21: 5.145077 | CW21: 7.4166808 | CX21: 5.3359937 | CY21: 5.4776806 | CZ21: 5.7526268 | DA21: 5.56084 | DB21: 5.0496945 | DC21: 5.5897446 | DD21: 7.7242109 | DE21: 5.8807568 | DF21: 5.1024532 | DG21: 6.2460158 | DH21: 5.250073 | DI21: 5.1587091 | DJ21: 5.8495781 | DK21: 6.9157002 | DL21: 6.1141217 | DM21: 6.9345787 | DN21: 5.9546206 | DO21: 12.255961 | DP21: 11.669332 | DQ21: 5.2467603 | DR21: #N/A
A22: qraq | B22: -5.4192262 | C22: -4.2139849 | D22: -4.2478472 | E22: -3.6513914 | F22: -3.4401375 | G22: -3.5588011 | H22: -3.8425294 | I22: -3.9308873 | J22: -4.5557787 | K22: -5.0822486 | L22: -1.5987435 | M22: -2.8773735 | N22: -3.3714223 | O22: -3.6281323 | P22: -3.8963129 | Q22: -3.8437375 | R22: -3.6724504 | S22: -3.7016294 | T22: -3.965511 | U22: -3.9777599 | V22: -4.5648586 | W22: -3.8201498 | X22: -4.8336336 | Y22: -5.424906 | Z22: -4.1420143 | AA22: -3.7884399 | AB22: -3.5794527 | AC22: -3.5393944 | AD22: -3.5481595 | AE22: -3.4833455 | AF22: -3.713601 | AG22: -3.5456997 | AH22: -4.0467648 | AI22: -4.4043881 | AJ22: -2.3610776 | AK22: 0.11627286 | AL22: 1.3618971 | AM22: 1.4866105 | AN22: 1.4964196 | AO22: 1.485988 | AP22: 1.5052673 | AQ22: 1.4841873 | AR22: 1.4949274 | AS22: 1.5025425 | AT22: 1.484287 | AU22: 0.98350281 | AV22: 1.4887733 | AW22: 1.4841116 | AX22: 1.4876825 | AY22: 1.4878134 | AZ22: 1.5059484 | BA22: 1.5465292 | BB22: 1.6214259 | BC22: 2.1116861 | BD22: 2.0122892 | BE22: 1.9014605 | BF22: 1.7677591 | BG22: 1.4895252 | BH22: 1.4880875 | BI22: 1.5073433 | BJ22: 1.5036687 | BK22: 1.1350273 | BL22: 1.4966522 | BM22: 1.5125161 | BN22: 1.5069157 | BO22: 1.484109 | BP22: 1.5046088 | BQ22: 1.4492349 | BR22: 0.4945091 | BS22: -0.5365288 | BT22: -1.6662086 | BU22: 1.4336336 | BV22: 0.72316107 | BW22: 0.55862601 | BX22: 0.35377614 | BY22: 0.58472999 | BZ22: 0.56422967 | CA22: 0.58382812 | CB22: 0.34151731 | CC22: -0.21413988 | CD22: -1.5420128 | CE22: -2.3491429 | CF22: -3.2483485 | CG22: -4.2995105 | CH22: -2.4696639 | CI22: -2.6002129 | CJ22: -2.8459908 | CK22: -2.906443 | CL22: -3.0178178 | CM22: -2.9199508 | CN22: -2.9779924 | CO22: -3.1778757 | CP22: -3.7559238 | CQ22: -4.2303814 | CR22: -4.9812304 | CS22: -1.7724952 | CT22: -0.30554285 | CU22: -0.13077562 | CV22: 0.47930081 | CW22: 0.25611364 | CX22: -0.0023150379 | CY22: -0.19099073 | CZ22: -0.44949013 | DA22: -0.98901817 | DB22: -1.4781292 | DC22: -2.1293925 | DD22: -2.9901302 | DE22: 0.12247903 | DF22: 1.3607214 | DG22: 1.5028174 | DH22: 1.502101 | DI22: 1.5018248 | DJ22: 1.5093048 | DK22: 1.5007874 | DL22: 1.5027596 | DM22: 1.2763378 | DN22: 0.58675828 | DO22: -0.2075795 | DP22: -1.428468 | DQ22: 1.487048 | DR22: #N/A
A23: qraqv | B23: -14.046634 | C23: -10.922649 | D23: -11.01042 | E23: -9.4644065 | F23: -8.9168365 | G23: -8.9169321 | H23: -10.291831 | I23: -10.528489 | J23: -12.202198 | K23: -13.612295 | L23: -4.2820745 | M23: -7.7067571 | N23: -8.7387266 | O23: -9.4041188 | P23: -10.099243 | Q23: -9.9629676 | R23: -9.5189914 | S23: -9.2748027 | T23: -10.621225 | U23: -10.654032 | V23: -12.226517 | W23: -10.231889 | X23: -12.946404 | Y23: -14.530068 | Z23: -10.736101 | AA23: -9.8196362 | AB23: -9.2779413 | AC23: -9.1741103 | AD23: -9.1968293 | AE23: -8.7278704 | AF23: -9.946509 | AG23: -9.4968022 | AH23: -10.838855 | AI23: -11.796713 | AJ23: -6.3239102 | AK23: 0.31142523 | AL23: 3.5300372 | AM23: 3.8532944 | AN23: 3.8787197 | AO23: 3.851681 | AP23: 3.9016528 | AQ23: 3.7187798 | AR23: 4.0040135 | AS23: 4.0244098 | AT23: 3.9755142 | AU23: 2.6342139 | AV23: 3.9875304 | AW23: 3.9750445 | AX23: 3.856073 | AY23: 3.8564123 | AZ23: 3.9034184 | BA23: 4.0086038 | BB23: 4.2027359 | BC23: 5.2910407 | BD23: 5.3897154 | BE23: 5.0928717 | BF23: 4.734766 | BG23: 3.9895443 | BH23: 3.9856936 | BI23: 4.0372684 | BJ23: 3.8975092 | BK23: 2.9419907 | BL23: 3.8793225 | BM23: 3.9204418 | BN23: 3.9059255 | BO23: 3.7185836 | BP23: 4.0299443 | BQ23: 3.8816307 | BR23: 1.3244932 | BS23: -1.4370387 | BT23: -4.462773 | BU23: 3.8398443 | BV23: 1.8744335 | BW23: 1.4479586 | BX23: 0.91698776 | BY23: 1.5156201 | BZ23: 1.4624833 | CA23: 1.4628397 | CB23: 0.91471995 | CC23: -0.57355226 | CD23: -4.130127 | CE23: -6.2919444 | CF23: -8.7003766 | CG23: -11.515809 | CH23: -6.4013689 | CI23: -6.7397518 | CJ23: -7.3768082 | CK23: -7.5335003 | CL23: -7.8221837 | CM23: -7.3162287 | CN23: -7.9762548 | CO23: -8.5116221 | CP23: -10.059866 | CQ23: -11.330654 | CR23: -13.341728 | CS23: -4.7474511 | CT23: -0.79196706 | CU23: -0.3389704 | CV23: 1.2423477 | CW23: 0.66384657 | CX23: -0.0060005783 | CY23: -0.47854637 | CZ23: -1.2039144 | DA23: -2.6489863 | DB23: -3.9590214 | DC23: -5.7033649 | DD23: -8.0087646 | DE23: 0.32804783 | DF23: 3.5269899 | DG23: 3.8953027 | DH23: 3.8934457 | DI23: 3.8927298 | DJ23: 3.912118 | DK23: 3.760373 | DL23: 4.0249913 | DM23: 3.4185431 | DN23: 1.5715734 | DO23: -0.55598092 | DP23: -3.8260088 | DQ23: 3.9829094 | DR23: #N/A

Sheet Sheet2
B1: Rsd | C1: DivD | D1: Rsriv | E1: Rgd | F1: fy | G1: def | H1: Ss | I1: As | J1: Es | K1: Sg | L1: DeltaSg | M1: dhg | N1: hg | O1: hriv | P1: qinriv1 | Q1: qlriv1 | R1: qoutriv1 | S1: qinriv2 | T1: qlriv2 | U1: qoutriv2 | V1: qraq | W1: qraqv
A2: 1 | B2: {=TRANSPOSE(Sheet1!B2:DQ2)} -> 0.0067704886 | C2: {=TRANSPOSE(Sheet1!B3:DQ3)} -> 0.07776899 | D2: {=TRANSPOSE(Sheet1!B4:DQ4)} -> 24.072502 | E2: {=TRANSPOSE(Sheet1!B5:DQ5)} -> 59.834039 | F2: {=TRANSPOSE(Sheet1!B6:DQ6)} -> 59.918579 | G2: {=TRANSPOSE(Sheet1!B7:DQ7)} -> 0.064621086 | H2: {=TRANSPOSE(Sheet1!B8:DQ8)} -> 241.04 | I2: {=TRANSPOSE(Sheet1!B9:DQ9)} -> 27.164196 | J2: {=TRANSPOSE(Sheet1!B10:DQ10)} -> 5.906447 | K2: {=TRANSPOSE(Sheet1!B11:DQ11)} -> 7530 | L2: {=TRANSPOSE(Sheet1!B12:DQ12)} -> -56.8529 | M2: {=TRANSPOSE(Sheet1!B13:DQ13)} -> -2.2632963 | N2: {=TRANSPOSE(Sheet1!B14:DQ14)} -> 298 | O2: {=TRANSPOSE(Sheet1!B15:DQ15)} -> 0.17693976 | P2: {=TRANSPOSE(Sheet1!B16:DQ16)} -> 9.2872307 | Q2: {=TRANSPOSE(Sheet1!B17:DQ17)} -> 0.0058047645 | R2: {=TRANSPOSE(Sheet1!B18:DQ18)} -> 9.2930355 | S2: {=TRANSPOSE(Sheet1!B19:DQ19)} -> 9.2930355 | T2: {=TRANSPOSE(Sheet1!B20:DQ20)} -> 6.539974 | U2: {=TRANSPOSE(Sheet1!B21:DQ21)} -> 15.833009 | V2: {=TRANSPOSE(Sheet1!B22:DQ22)} -> -5.4086126 | W2: {=TRANSPOSE(Sheet1!B23:DQ23)} -> -14.019124
A3: 2 | B3: 7.343153 | C3: 1.457904 | D3: 22.277512 | E3: 30.723255 | F3: 39.524312 | G3: 0.4644881 | H3: 207.88288 | I3: 24.488161 | J3: 2.5954118 | K3: 7473.1471 | L3: -28.569611 | M3: -1.1373473 | N3: 295.7367 | O3: 0.17165793 | P3: 8.5947193 | Q3: 0.027572632 | R3: 8.6222919 | S3: 8.6222919 | T3: 4.0737183 | U3: 12.69601 | V3: -3.8474939 | W3: -9.9727041
A4: 3 | B4: 0 | C4: 0.1965704 | D4: 19.571954 | E4: 29.79215 | F4: 29.988721 | G4: 0.0028791608 | H4: 178.1322 | I4: 21.899897 | J4: 1.8450915 | K4: 7444.5775 | L4: -28.59189 | M4: -1.1382343 | N4: 294.59936 | O4: 0.16336281 | P4: 7.5509081 | Q4: 0.01959108 | R4: 7.5704992 | S4: 7.5704992 | T4: 3.5882096 | U4: 11.158709 | V4: -3.0669034 | W4: -7.9494137
A5: 4 | B5: 29.238229 | C5: 0.12235677 | D5: 16.8717 | E5: 8.75 | F5: 38.110586 | G5: 1.878214 | H5: 164.05746 | I5: 20.613732 | J5: 0.20559471 | K5: 7415.9856 | L5: -1.9396553 | M5: -0.077217077 | N5: 293.46112 | O5: 0.15540121 | P5: 6.5091436 | Q5: 0.053694072 | R5: 6.5628376 | S5: 6.5628376 | T5: 3.0245566 | U5: 9.5873942 | V5: -2.2854692 | W5: -5.9239361
A6: 5 | B6: 12.27768 | C6: 8.75 | D6: 30.929722 | E6: 8.75 | F6: 29.77768 | G6: 0.21392005 | H6: 134.81833 | I6: 17.815184 | J6: 0 | K6: 7414.0459 | L6: -1.8823602 | M6: -0.074936177 | N6: 293.3839 | O6: 0.19852918 | P6: 11.932763 | Q6: 0.11029053 | R6: 12.043054 | S6: 12.043054 | T6: -0.49405587 | U6: 11.548998 | V6: -2.2022665 | W6: -5.7082747
A7: 6 | B7: 51.122511 | C7: 0 | D7: 15.579147 | E7: 8.75 | F7: 59.872511 | G7: 0.11068881 | H7: 462.42923 | I7: 39.396632 | J7: 0 | K7: 7412.1636 | L7: 3.8297518 | M7: 0.15246123 | N7: 293.30897 | O7: 0.15294444 | P7: 6.2177311 | Q7: 0.034528341 | R7: 6.2522594 | S7: 6.2522594 | T7: 3.4096305 | U7: 9.6618899 | V7: -2.1819738 | W7: -5.4671536
A8: 7 | B8: 69.885134 | C8: 0 | D8: 227.47231 | E8: 0 | F8: 69.885134 | G8: 0.095266189 | H8: 710.76917 | I8: 41.452926 | J8: 2.28598 | K8: 7415.9933 | L8: 17.721368 | M8: 0.70548216 | N8: 293.46143 | O8: 0.73268753 | P8: 84.928431 | Q8: 0.080751765 | R8: 85.009182 | S8: 85.009182 | T8: 3.2680741 | U8: 88.277256 | V8: -1.8865649 | W8: -5.0529754
A9: 8 | B9: 83.399086 | C9: 8.2646974 | D9: 51.55621 | E9: 8.3059775 | F9: 99.96976 | G9: 0.002239501 | H9: 683.94345 | I9: 41.825033 | J9: 7.2964163 | K9: 7433.7147 | L9: 16.373761 | M9: 0.65183434 | N9: 294.16691 | O9: 0.25536275 | P9: 19.248884 | Q9: 0.099008685 | R9: 19.347892 | S9: 19.347892 | T9: 1.5791467 | U9: 20.927039 | V9: -2.7043196 | W9: -7.2432496
A10: 9 | B10: 126.86891 | C10: 0 | D10: 32.186 | E10: 3.1461114 | F10: 130.01502 | G10: -0.051419437 | H10: 762.02174 | I10: 40.341817 | J10: 13.26574 | K10: 7450.0885 | L10: 24.702182 | M10: 0.98338622 | N10: 294.81875 | O10: 0.19832417 | P10: 12.016876 | Q10: 0 | R10: 12.016876 | S10: 12.016876 | T10: 5.6215139 | U10: 17.63839 | V10: -3.1944116 | W10: -8.555912
A11: 10 | B11: 0 | C11: 0.091853658 | D11: 16.015871 | E11: 169.97933 | F11: 170.07119 | G11: -0.11878507 | H11: 619.58639 | I11: 42.130921 | J11: 16.26892 | K11: 7474.7906 | L11: -132.82433 | M11: -5.2876956 | N11: 295.80213 | O11: 0.15078684 | P11: 5.9796413 | Q11: 0 | R11: 5.9796413 | S11: 5.9796413 | T11: 7.0477301 | U11: 13.027371 | V11: -3.907159 | W11: -10.464935
A12: 11 | B12: 162.31283 | C12: 8.75 | D12: 18.236817 | E12: 8.75 | F12: 179.81283 | G12: 0.13676631 | H12: 581.7903 | I12: 41.924466 | J12: 14.618462 | K12: 7341.9663 | L12: 40.936347 | M12: 1.6296633 | N12: 290.51444 | O12: 0.15734626 | P12: 6.8088474 | Q12: 0 | R12: 6.8088474 | S12: 6.8088474 | T12: 0.33672646 | U12: 7.1455738 | V12: -0.24688114 | W12: -0.66124646
A13: 12 | B13: 78.259704 | C13: 2.7785098 | D13: 27.864332 | E13: 8.75 | F13: 89.788214 | G13: 0.18658647 | H13: 373.23799 | I13: 35.647632 | J13: 9.5344553 | K13: 7382.9027 | L13: 12.764156 | M13: 0.50813709 | N13: 292.1441 | O13: 0.18566919 | P13: 10.40335 | Q13: 0 | R13: 10.40335 | S13: 10.40335 | T13: 1.9927736 | U13: 12.396124 | V13: -1.3539964 | W13: -3.626544
A14: 13 | B14: 47.413085 | C14: 3.6148141 | D14: 28.670518 | E14: 8.75 | F14: 59.777899 | G14: 0.20530091 | H14: 250.3104 | I14: 27.873056 | J14: 4.9520093 | K14: 7395.6668 | L14: 4.8878761 | M14: 0.19458483 | N14: 292.65224 | O14: 0.19110034 | P14: 11.061157 | Q14: 0.034102992 | R14: 11.09526 | S14: 11.09526 | T14: 1.4925477 | U14: 12.587807 | V14: -1.7015512 | W14: -4.4104206
... A121: 120 | B121: 0.90290907 | C121: 3.0082583 | D121: 24.247382 | E121: 86.270954 | F121: 90.182122 | G121: -0.20732176 | H121: 171.94502 | I121: 21.339386 | J121: 5.7585166 | K121: 7182.4792 | L121: -56.992291 | M121: -2.2688454 | N121: 284.1653 | O121: 0.17504979 | P121: 9.0529355 | Q121: 0 | R121: 9.0529355 | S121: 9.0529355 | T121: -0.9434072 | U121: 8.1095283 | V121: 1.5037596 | W121: 4.0276696
