Workbook

Sheet پل آدینان
A1: سال | B1: شهریور | C1: مرداد | D1: تیر | E1: خرداد | F1: اردیبهشت | G1: فروردین | H1: اسفند | I1: بهمن | J1: دی | K1: آذر | L1: آبان | M1: مهر
A2: 1366 | B2: 0.303 | C2: 0.447 | D2: 2.626 | E2: 22.225 | F2: 105.72 | G2: 140.262 | H2: 131.412 | I2: 20.712 | J2: 24.922 | K2: 10.014 | L2: 11.341 | M2: 0.714
A3: 1367 | B3: 0.031 | C3: 0.243 | D3: 0.285 | E3: 2.703 | F3: 18.503 | G3: 50.167 | H3: 46.833 | I3: 3.355 | J3: 8.518 | K3: 5.588 | L3: 4.382 | M3: 0.722
A4: 1368 | B4: 1.079 | C4: 0.837 | D4: 1.089 | E4: 6.621 | F4: 35.938 | G4: 62.978 | H4: 46.589 | I4: 7.29 | J4: 5.053 | K4: 9.548 | L4: 5.608 | M4: 0
A5: 1369 | B5: 0.08 | C5: 0.234 | D5: 0.712 | E5: 2.317 | F5: 18.84 | G5: 81.298 | H5: 29.23 | I5: 4.673 | J5: 2.006 | K5: 1.634 | L5: 1.74 | M5: 0.819
A6: 1370 | B6: 0.749 | C6: 1.916 | D6: 6.089 | E6: 62.084 | F6: 145.218 | G6: 98.886 | H6: 18.97 | I6: 8.867 | J6: 9.24 | K6: 19.205 | L6: 2.616 | M6: 1.29
A7: 1371 | B7: 0.539 | C7: 0.738 | D7: 1.974 | E7: 11.036 | F7: 45.305 | G7: 70.206 | H7: 36.341 | I7: 5.599 | J7: 11.788 | K7: 10.515 | L7: 2.905 | M7: 0.816
A8: 1372 | B8: 0.108 | C8: 0.702 | D8: 2.627 | E8: 11.794 | F8: 43.492 | G8: 71.833 | H8: 48.002 | I8: 29.527 | J8: 43.038 | K8: 36.513 | L8: 28.18 | M8: 0.7
A9: 1373 | B9: 0.101 | C9: 0.619 | D9: 3.318 | E9: 10.469 | F9: 38.187 | G9: 53.237 | H9: 23.435 | I9: 24.499 | J9: 28.138 | K9: 27.648 | L9: 13.367 | M9: 0.452
A10: 1374 | B10: 0.181 | C10: 0.429 | D10: 1.798 | E10: 7.202 | F10: 28.79 | G10: 45.676 | H10: 10.567 | I10: 10.667 | J10: 2.49 | K10: 0.559 | L10: 0.259 | M10: 0.182
A11: 1375 | B11: 0.114 | C11: 0.407 | D11: 0.503 | E11: 4.03 | F11: 34.116 | G11: 38.481 | H11: 6.653 | I11: 2.387 | J11: 2.694 | K11: 1.465 | L11: 0.637 | M11: 0.207
A12: 1376 | B12: 0.091 | C12: 0.361 | D12: 1.298 | E12: 2.36 | F12: 21.794 | G12: 107.779 | H12: 36.168 | I12: 15.039 | J12: 3.272 | K12: 2.292 | L12: 3.714 | M12: 0.729
A13: 1377 | B13: 0 | C13: 0.021 | D13: 0.077 | E13: 0.448 | F13: 4.117 | G13: 15.331 | H13: 8.743 | I13: 9.375 | J13: 1.813 | K13: 1.632 | L13: 0.852 | M13: 0.554
... A29: 1393 | B29: 0 | C29: 0 | D29: 0.14 | E29: 2.551 | F29: 30.071 | G29: 48.219 | H29: 15.266 | I29: 26.48 | J29: 9.728 | K29: 17.761 | L29: 3.833 | M29: 0

Sheet دره پنبه دان
A1: سال | B1: شهریور | C1: مرداد | D1: تیر | E1: خرداد | F1: اردیبهشت | G1: فروردین | H1: اسفند | I1: بهمن | J1: دی | K1: آذر | L1: آبان | M1: مهر
A2: 1366 | B2: 0.321 | C2: 0.781 | D2: 2.743 | E2: 12.873 | F2: 93.344 | G2: 116.613 | H2: 117.562 | I2: 18.19 | J2: 19.451 | K2: 6.591 | L2: 5.579 | M2: 0.677
A3: 1367 | B3: 0.06 | C3: 0.414 | D3: 0.476 | E3: 2.058 | F3: 11.165 | G3: 31.723 | H3: 34.372 | I3: 2.03 | J3: 2.47 | K3: 2.71 | L3: 5.145 | M3: 0.737
A4: 1368 | B4: 0.066 | C4: 0.16 | D4: 0.49 | E4: 2.261 | F4: 17.653 | G4: 34.195 | H4: 298.284 | I4: 4.12 | J4: 4.058 | K4: 8.346 | L4: 4.278 | M4: 0.15
A5: 1369 | B5: 0.027 | C5: 0.102 | D5: 0.772 | E5: 1.888 | F5: 10.525 | G5: 41.455 | H5: 9.911 | I5: 2.234 | J5: 1.227 | K5: 1.348 | L5: 0.978 | M5: 0.069
A6: 1370 | B6: 0.684 | C6: 1.069 | D6: 2.477 | E6: 24.157 | F6: 60.475 | G6: 43.563 | H6: 12.387 | I6: 4.36 | J6: 4.753 | K6: 10.09 | L6: 1.32 | M6: 0.147
A7: 1371 | B7: 0.357 | C7: 0.871 | D7: 1.894 | E7: 6.245 | F7: 20.493 | G7: 23.734 | H7: 17.471 | I7: 5.907 | J7: 8.027 | K7: 8.209 | L7: 3.013 | M7: 1.112
A8: 1372 | B8: 0.455 | C8: 0.765 | D8: 1.984 | E8: 7.694 | F8: 19.067 | G8: 26.797 | H8: 23.675 | I8: 18.061 | J8: 23.261 | K8: 16.423 | L8: 10.859 | M8: 0.347
A9: 1373 | B9: 0.49866667 | C9: 0.90166667 | D9: 2.1183333 | E9: 12.698667 | F9: 33.345 | G9: 31.364667 | H9: 17.844333 | I9: 9.4426667 | J9: 12.013667 | K9: 11.574 | L9: 5.064 | M9: 0.53533333
A10: 1374 | B10: 0.161 | C10: 0.194 | D10: 0.88433333 | E10: 3.352 | F10: 16.159 | G10: 23.277333 | H10: 9.3933333 | I10: 4.628 | J10: 2.4763333 | K10: 1.54 | L10: 1.3996667 | M10: 0.27166667
A11: 1375 | B11: 0.17 | C11: 0.221 | D11: 1.389 | E11: 5.9 | F11: 28.783 | G11: 30.829 | H11: 4.975 | I11: 2.548 | J11: 2.83 | K11: 1.185 | L11: 0.675 | M11: 0.212
A12: 1376 | B12: 0.162 | C12: 0.207 | D12: 1.027 | E12: 3.832 | F12: 16.869 | G12: 31.625 | H12: 17.425 | I12: 8.913 | J12: 2.147 | K12: 1.822 | L12: 2.772 | M12: 0.25
A13: 1377 | B13: 0.151 | C13: 0.154 | D13: 0.237 | E13: 0.324 | F13: 2.825 | G13: 7.378 | H13: 5.78 | I13: 2.423 | J13: 2.452 | K13: 1.613 | L13: 0.752 | M13: 0.353
... A29: 1393 | B29: 0.754 | C29: 0.681 | D29: 0.381 | E29: 1.983 | F29: 10.768 | G29: 25.51 | H29: 10.013 | I29: 15.348 | J29: 9.177 | K29: 12.765 | L29: 3.598 | M29: 1.231

Sheet صفاخانه
A1: سال | B1: شهریور | C1: مرداد | D1: تیر | E1: خرداد | F1: اردیبهشت | G1: فروردین | H1: اسفند | I1: بهمن | J1: دی | K1: آذر | L1: آبان | M1: مهر
A2: 1366 | B2: 2.153 | C2: 3.123 | D2: 7.494 | E2: 21.171 | F2: 112.205 | G2: 98.515 | H2: 39.957 | I2: 6.982 | J2: 5.57 | K2: 3.785 | L2: 5.148 | M2: 2.429
A3: 1367 | B3: 0.16 | C3: 0.579 | D3: 0.998 | E3: 3.241 | F3: 11.263 | G3: 24.773 | H3: 14.471 | I3: 7.389 | J3: 5.52 | K3: 5.111 | L3: 4.71 | M3: 3.178
A4: 1368 | B4: 0.294 | C4: 0.4 | D4: 0.794 | E4: 3.179 | F4: 25.019 | G4: 29.096 | H4: 14.886 | I4: 6.068 | J4: 3.117 | K4: 2.427 | L4: 3.781 | M4: 0.682
A5: 1369 | B5: 0.189 | C5: 0.3 | D5: 1.557 | E5: 2.689 | F5: 22.512 | G5: 37.047 | H5: 7.188 | I5: 3.075 | J5: 1.725 | K5: 1.955 | L5: 2.519 | M5: 0.393
A6: 1370 | B6: 2.547 | C6: 1.708 | D6: 5.847 | E6: 44.108 | F6: 80.998 | G6: 53.626 | H6: 17.54 | I6: 6.572 | J6: 5.975 | K6: 9.303 | L6: 1.594 | M6: 0.484
A7: 1371 | B7: 1 | C7: 1.494 | D7: 1.951 | E7: 16.427 | F7: 37.746 | G7: 33.799 | H7: 9.266 | I7: 3.267 | J7: 2.413 | K7: 3.097 | L7: 3.354 | M7: 1.77
A8: 1372 | B8: 1.582 | C8: 1.734 | D8: 2.235 | E8: 18.078 | F8: 54.159 | G8: 38.003 | H8: 23.003 | I8: 33.477 | J8: 25.613 | K8: 4.769 | L8: 4.038 | M8: 1.297
A9: 1373 | B9: 1.218 | C9: 1.839 | D9: 5.977 | E9: 30.731 | F9: 41.734 | G9: 31.78 | H9: 10.378 | I9: 5.235 | J9: 2.187 | K9: 3.056 | L9: 13.306 | M9: 2.126
A10: 1374 | B10: 0.437 | C10: 0.638 | D10: 0.929 | E10: 13.754 | F10: 25.378 | G10: 25.577 | H10: 9.781 | I10: 6.168 | J10: 2.643 | K10: 2.377 | L10: 1.707 | M10: 1.364
A11: 1375 | B11: 0 | C11: 0.258 | D11: 1.886 | E11: 3.815 | F11: 22.892 | G11: 15.555 | H11: 5.847 | I11: 2.827 | J11: 3.64 | K11: 2.243 | L11: 1.697 | M11: 0.957
A12: 1376 | B12: 0.648 | C12: 0.792 | D12: 0.788 | E12: 6.272 | F12: 38.41 | G12: 42.431 | H12: 6.831 | I12: 3.919 | J12: 2.384 | K12: 2.557 | L12: 4.223 | M12: 0.147
A13: 1377 | B13: 0 | C13: 0.037 | D13: 0.223 | E13: 0.188 | F13: 2.26 | G13: 5.007 | H13: 3.224 | I13: 2.82 | J13: 1.81 | K13: 1.594 | L13: 0.955 | M13: 0.535
... A29: 1393 | B29: 0.444 | C29: 0.151 | D29: 0 | E29: 0.645 | F29: 4.537 | G29: 10.88 | H29: 7.527 | I29: 6.272 | J29: 5.107 | K29: 5.562 | L29: 1.431 | M29: 0.06

Sheet کریم آباد
A1: سال | B1: شهریور | C1: مرداد | D1: تیر | E1: خرداد | F1: اردیبهشت | G1: فروردین | H1: اسفند | I1: بهمن | J1: دی | K1: آذر | L1: آبان | M1: مهر
A2: 1366 | B2: 0.934 | C2: 1.193 | D2: 3.6 | E2: 11.931 | F2: 36.34 | G2: 43.624 | H2: 35.813 | I2: 12.69 | J2: 11.311 | K2: 5.808 | L2: 5.108 | M2: 1.05
A3: 1367 | B3: 0.012 | C3: 0.04 | D3: 0.432 | E3: 3.123 | F3: 14.348 | G3: 26.217 | H3: 19.252 | I3: 2.647 | J3: 5.234 | K3: 4.034 | L3: 2.083 | M3: 0.597
A4: 1368 | B4: 0.013 | C4: 0.035 | D4: 0.961 | E4: 3.035 | F4: 20.594 | G4: 25.318 | H4: 11.761 | I4: 2.753 | J4: 2.686 | K4: 2.553 | L4: 3.644 | M4: 0.003
A5: 1369 | B5: 0.006 | C5: 0.434 | D5: 1.066 | E5: 2.355 | F5: 13.573 | G5: 32.287 | H5: 16.12 | I5: 1.34 | J5: 0.73 | K5: 1.028 | L5: 0.423 | M5: 0.328
A6: 1370 | B6: 0.564 | C6: 1.006 | D6: 4.105 | E6: 30.865 | F6: 89.432 | G6: 59.788 | H6: 9.088 | I6: 2.578 | J6: 2.548 | K6: 5.075 | L6: 0.64 | M6: 0.4
A7: 1371 | B7: 0.244 | C7: 0.399 | D7: 0.925 | E7: 9.547 | F7: 30.008 | G7: 32.485 | H7: 14.231 | I7: 1.643 | J7: 1.783 | K7: 1.308 | L7: 1.431 | M7: 0.494
A8: 1372 | B8: 0.14 | C8: 0.497 | D8: 1.141 | E8: 3.759 | F8: 32.388 | G8: 42.598 | H8: 24.388 | I8: 14.45 | J8: 31.704 | K8: 24.557 | L8: 12.878 | M8: 0.183
A9: 1373 | B9: 0.203 | C9: 0.373 | D9: 1.776 | E9: 8.14 | F9: 25.594 | G9: 23.129 | H9: 7.883 | I9: 7.036 | J9: 7.145 | K9: 7.133 | L9: 12.453 | M9: 0.192
A10: 1374 | B10: 0.074 | C10: 0.34 | D10: 1.031 | E10: 13.036 | F10: 48.661 | G10: 33.037 | H10: 9.685 | I10: 4.97 | J10: 0.921 | K10: 0.403 | L10: 0.237 | M10: 0.2
A11: 1375 | B11: 0.03 | C11: 0.154 | D11: 1.313 | E11: 8.936 | F11: 33.426 | G11: 30.189 | H11: 3.783 | I11: 2.6 | J11: 1.716 | K11: 1.219 | L11: 0.579 | M11: 0.088
A12: 1376 | B12: 0.079 | C12: 0.275 | D12: 0.659 | E12: 2.683 | F12: 27.353 | G12: 51.632 | H12: 16.932 | I12: 5.985 | J12: 1.968 | K12: 1.571 | L12: 2.543 | M12: 0.423
A13: 1377 | B13: 0 | C13: 0.568 | D13: 0.049 | E13: 0.56 | F13: 2.235 | G13: 4.283 | H13: 2.242 | I13: 1.602 | J13: 1.558 | K13: 1.238 | L13: 0.789 | M13: 0.156
... A29: 1393 | B29: 0 | C29: 0 | D29: 0.064 | E29: 1.426 | F29: 9.979 | G29: 27.339 | H29: 11.365 | I29: 11.458 | J29: 4.654 | K29: 8.302 | L29: 1.139 | M29: 0

Sheet ورودی به سد (دبی)
A1: سال | B1: مهر | C1: آبان | D1: آذر | E1: دی | F1: بهمن | G1: اسفند | H1: فروردین | I1: اردیبهشت | J1: خرداد | K1: تیر | L1: مرداد | M1: شهریور
A2: 1366 | B2: ='پل آدینان'!M2+'دره پنبه دان'!M2+صفاخانه!M2+'کریم آباد'!M2 -> 4.87 | C2: ='پل آدینان'!L2+'دره پنبه دان'!L2+صفاخانه!L2+'کریم آباد'!L2 -> 27.176 | D2: ='پل آدینان'!K2+'دره پنبه دان'!K2+صفاخانه!K2+'کریم آباد'!K2 -> 26.198 | E2: ='پل آدینان'!J2+'دره پنبه دان'!J2+صفاخانه!J2+'کریم آباد'!J2 -> 61.254 | F2: ='پل آدینان'!I2+'دره پنبه دان'!I2+صفاخانه!I2+'کریم آباد'!I2 -> 58.574 | G2: ='پل آدینان'!H2+'دره پنبه دان'!H2+صفاخانه!H2+'کریم آباد'!H2 -> 324.744 | H2: ='پل آدینان'!G2+'دره پنبه دان'!G2+صفاخانه!G2+'کریم آباد'!G2 -> 399.014 | I2: ='پل آدینان'!F2+'دره پنبه دان'!F2+صفاخانه!F2+'کریم آباد'!F2 -> 347.609 | J2: ='پل آدینان'!E2+'دره پنبه دان'!E2+صفاخانه!E2+'کریم آباد'!E2 -> 68.2 | K2: ='پل آدینان'!D2+'دره پنبه دان'!D2+صفاخانه!D2+'کریم آباد'!D2 -> 16.463 | L2: ='پل آدینان'!C2+'دره پنبه دان'!C2+صفاخانه!C2+'کریم آباد'!C2 -> 5.544 | M2: ='پل آدینان'!B2+'دره پنبه دان'!B2+صفاخانه!B2+'کریم آباد'!B2 -> 3.711
A3: 1367 | B3: ='پل آدینان'!M3+'دره پنبه دان'!M3+صفاخانه!M3+'کریم آباد'!M3 -> 5.234 | C3: ='پل آدینان'!L3+'دره پنبه دان'!L3+صفاخانه!L3+'کریم آباد'!L3 -> 16.32 | D3: ='پل آدینان'!K3+'دره پنبه دان'!K3+صفاخانه!K3+'کریم آباد'!K3 -> 17.443 | E3: ='پل آدینان'!J3+'دره پنبه دان'!J3+صفاخانه!J3+'کریم آباد'!J3 -> 21.742 | F3: ='پل آدینان'!I3+'دره پنبه دان'!I3+صفاخانه!I3+'کریم آباد'!I3 -> 15.421 | G3: ='پل آدینان'!H3+'دره پنبه دان'!H3+صفاخانه!H3+'کریم آباد'!H3 -> 114.928 | H3: ='پل آدینان'!G3+'دره پنبه دان'!G3+صفاخانه!G3+'کریم آباد'!G3 -> 132.88 | I3: ='پل آدینان'!F3+'دره پنبه دان'!F3+صفاخانه!F3+'کریم آباد'!F3 -> 55.279 | J3: ='پل آدینان'!E3+'دره پنبه دان'!E3+صفاخانه!E3+'کریم آباد'!E3 -> 11.125 | K3: ='پل آدینان'!D3+'دره پنبه دان'!D3+صفاخانه!D3+'کریم آباد'!D3 -> 2.191 | L3: ='پل آدینان'!C3+'دره پنبه دان'!C3+صفاخانه!C3+'کریم آباد'!C3 -> 1.276 | M3: ='پل آدینان'!B3+'دره پنبه دان'!B3+صفاخانه!B3+'کریم آباد'!B3 -> 0.263
A4: 1368 | B4: ='پل آدینان'!M4+'دره پنبه دان'!M4+صفاخانه!M4+'کریم آباد'!M4 -> 0.835 | C4: ='پل آدینان'!L4+'دره پنبه دان'!L4+صفاخانه!L4+'کریم آباد'!L4 -> 17.311 | D4: ='پل آدینان'!K4+'دره پنبه دان'!K4+صفاخانه!K4+'کریم آباد'!K4 -> 22.874 | E4: ='پل آدینان'!J4+'دره پنبه دان'!J4+صفاخانه!J4+'کریم آباد'!J4 -> 14.914 | F4: ='پل آدینان'!I4+'دره پنبه دان'!I4+صفاخانه!I4+'کریم آباد'!I4 -> 20.231 | G4: ='پل آدینان'!H4+'دره پنبه دان'!H4+صفاخانه!H4+'کریم آباد'!H4 -> 371.52 | H4: ='پل آدینان'!G4+'دره پنبه دان'!G4+صفاخانه!G4+'کریم آباد'!G4 -> 151.587 | I4: ='پل آدینان'!F4+'دره پنبه دان'!F4+صفاخانه!F4+'کریم آباد'!F4 -> 99.204 | J4: ='پل آدینان'!E4+'دره پنبه دان'!E4+صفاخانه!E4+'کریم آباد'!E4 -> 15.096 | K4: ='پل آدینان'!D4+'دره پنبه دان'!D4+صفاخانه!D4+'کریم آباد'!D4 -> 3.334 | L4: ='پل آدینان'!C4+'دره پنبه دان'!C4+صفاخانه!C4+'کریم آباد'!C4 -> 1.432 | M4: ='پل آدینان'!B4+'دره پنبه دان'!B4+صفاخانه!B4+'کریم آباد'!B4 -> 1.452
A5: 1369 | B5: ='پل آدینان'!M5+'دره پنبه دان'!M5+صفاخانه!M5+'کریم آباد'!M5 -> 1.609 | C5: ='پل آدینان'!L5+'دره پنبه دان'!L5+صفاخانه!L5+'کریم آباد'!L5 -> 5.66 | D5: ='پل آدینان'!K5+'دره پنبه دان'!K5+صفاخانه!K5+'کریم آباد'!K5 -> 5.965 | E5: ='پل آدینان'!J5+'دره پنبه دان'!J5+صفاخانه!J5+'کریم آباد'!J5 -> 5.688 | F5: ='پل آدینان'!I5+'دره پنبه دان'!I5+صفاخانه!I5+'کریم آباد'!I5 -> 11.322 | G5: ='پل آدینان'!H5+'دره پنبه دان'!H5+صفاخانه!H5+'کریم آباد'!H5 -> 62.449 | H5: ='پل آدینان'!G5+'دره پنبه دان'!G5+صفاخانه!G5+'کریم آباد'!G5 -> 192.087 | I5: ='پل آدینان'!F5+'دره پنبه دان'!F5+صفاخانه!F5+'کریم آباد'!F5 -> 65.45 | J5: ='پل آدینان'!E5+'دره پنبه دان'!E5+صفاخانه!E5+'کریم آباد'!E5 -> 9.249 | K5: ='پل آدینان'!D5+'دره پنبه دان'!D5+صفاخانه!D5+'کریم آباد'!D5 -> 4.107 | L5: ='پل آدینان'!C5+'دره پنبه دان'!C5+صفاخانه!C5+'کریم آباد'!C5 -> 1.07 | M5: ='پل آدینان'!B5+'دره پنبه دان'!B5+صفاخانه!B5+'کریم آباد'!B5 -> 0.302
A6: 1370 | B6: ='پل آدینان'!M6+'دره پنبه دان'!M6+صفاخانه!M6+'کریم آباد'!M6 -> 2.321 | C6: ='پل آدینان'!L6+'دره پنبه دان'!L6+صفاخانه!L6+'کریم آباد'!L6 -> 6.17 | D6: ='پل آدینان'!K6+'دره پنبه دان'!K6+صفاخانه!K6+'کریم آباد'!K6 -> 43.673 | E6: ='پل آدینان'!J6+'دره پنبه دان'!J6+صفاخانه!J6+'کریم آباد'!J6 -> 22.516 | F6: ='پل آدینان'!I6+'دره پنبه دان'!I6+صفاخانه!I6+'کریم آباد'!I6 -> 22.377 | G6: ='پل آدینان'!H6+'دره پنبه دان'!H6+صفاخانه!H6+'کریم آباد'!H6 -> 57.985 | H6: ='پل آدینان'!G6+'دره پنبه دان'!G6+صفاخانه!G6+'کریم آباد'!G6 -> 255.863 | I6: ='پل آدینان'!F6+'دره پنبه دان'!F6+صفاخانه!F6+'کریم آباد'!F6 -> 376.123 | J6: ='پل آدینان'!E6+'دره پنبه دان'!E6+صفاخانه!E6+'کریم آباد'!E6 -> 161.214 | K6: ='پل آدینان'!D6+'دره پنبه دان'!D6+صفاخانه!D6+'کریم آباد'!D6 -> 18.518 | L6: ='پل آدینان'!C6+'دره پنبه دان'!C6+صفاخانه!C6+'کریم آباد'!C6 -> 5.699 | M6: ='پل آدینان'!B6+'دره پنبه دان'!B6+صفاخانه!B6+'کریم آباد'!B6 -> 4.544
A7: 1371 | B7: ='پل آدینان'!M7+'دره پنبه دان'!M7+صفاخانه!M7+'کریم آباد'!M7 -> 4.192 | C7: ='پل آدینان'!L7+'دره پنبه دان'!L7+صفاخانه!L7+'کریم آباد'!L7 -> 10.703 | D7: ='پل آدینان'!K7+'دره پنبه دان'!K7+صفاخانه!K7+'کریم آباد'!K7 -> 23.129 | E7: ='پل آدینان'!J7+'دره پنبه دان'!J7+صفاخانه!J7+'کریم آباد'!J7 -> 24.011 | F7: ='پل آدینان'!I7+'دره پنبه دان'!I7+صفاخانه!I7+'کریم آباد'!I7 -> 16.416 | G7: ='پل آدینان'!H7+'دره پنبه دان'!H7+صفاخانه!H7+'کریم آباد'!H7 -> 77.309 | H7: ='پل آدینان'!G7+'دره پنبه دان'!G7+صفاخانه!G7+'کریم آباد'!G7 -> 160.224 | I7: ='پل آدینان'!F7+'دره پنبه دان'!F7+صفاخانه!F7+'کریم آباد'!F7 -> 133.552 | J7: ='پل آدینان'!E7+'دره پنبه دان'!E7+صفاخانه!E7+'کریم آباد'!E7 -> 43.255 | K7: ='پل آدینان'!D7+'دره پنبه دان'!D7+صفاخانه!D7+'کریم آباد'!D7 -> 6.744 | L7: ='پل آدینان'!C7+'دره پنبه دان'!C7+صفاخانه!C7+'کریم آباد'!C7 -> 3.502 | M7: ='پل آدینان'!B7+'دره پنبه دان'!B7+صفاخانه!B7+'کریم آباد'!B7 -> 2.14
A8: 1372 | B8: ='پل آدینان'!M8+'دره پنبه دان'!M8+صفاخانه!M8+'کریم آباد'!M8 -> 2.527 | C8: ='پل آدینان'!L8+'دره پنبه دان'!L8+صفاخانه!L8+'کریم آباد'!L8 -> 55.955 | D8: ='پل آدینان'!K8+'دره پنبه دان'!K8+صفاخانه!K8+'کریم آباد'!K8 -> 82.262 | E8: ='پل آدینان'!J8+'دره پنبه دان'!J8+صفاخانه!J8+'کریم آباد'!J8 -> 123.616 | F8: ='پل آدینان'!I8+'دره پنبه دان'!I8+صفاخانه!I8+'کریم آباد'!I8 -> 95.515 | G8: ='پل آدینان'!H8+'دره پنبه دان'!H8+صفاخانه!H8+'کریم آباد'!H8 -> 119.068 | H8: ='پل آدینان'!G8+'دره پنبه دان'!G8+صفاخانه!G8+'کریم آباد'!G8 -> 179.231 | I8: ='پل آدینان'!F8+'دره پنبه دان'!F8+صفاخانه!F8+'کریم آباد'!F8 -> 149.106 | J8: ='پل آدینان'!E8+'دره پنبه دان'!E8+صفاخانه!E8+'کریم آباد'!E8 -> 41.325 | K8: ='پل آدینان'!D8+'دره پنبه دان'!D8+صفاخانه!D8+'کریم آباد'!D8 -> 7.987 | L8: ='پل آدینان'!C8+'دره پنبه دان'!C8+صفاخانه!C8+'کریم آباد'!C8 -> 3.698 | M8: ='پل آدینان'!B8+'دره پنبه دان'!B8+صفاخانه!B8+'کریم آباد'!B8 -> 2.285
A9: 1373 | B9: ='پل آدینان'!M9+'دره پنبه دان'!M9+صفاخانه!M9+'کریم آباد'!M9 -> 3.3053333 | C9: ='پل آدینان'!L9+'دره پنبه دان'!L9+صفاخانه!L9+'کریم آباد'!L9 -> 44.19 | D9: ='پل آدینان'!K9+'دره پنبه دان'!K9+صفاخانه!K9+'کریم آباد'!K9 -> 49.411 | E9: ='پل آدینان'!J9+'دره پنبه دان'!J9+صفاخانه!J9+'کریم آباد'!J9 -> 49.483667 | F9: ='پل آدینان'!I9+'دره پنبه دان'!I9+صفاخانه!I9+'کریم آباد'!I9 -> 46.212667 | G9: ='پل آدینان'!H9+'دره پنبه دان'!H9+صفاخانه!H9+'کریم آباد'!H9 -> 59.540333 | H9: ='پل آدینان'!G9+'دره پنبه دان'!G9+صفاخانه!G9+'کریم آباد'!G9 -> 139.51067 | I9: ='پل آدینان'!F9+'دره پنبه دان'!F9+صفاخانه!F9+'کریم آباد'!F9 -> 138.86 | J9: ='پل آدینان'!E9+'دره پنبه دان'!E9+صفاخانه!E9+'کریم آباد'!E9 -> 62.038667 | K9: ='پل آدینان'!D9+'دره پنبه دان'!D9+صفاخانه!D9+'کریم آباد'!D9 -> 13.189333 | L9: ='پل آدینان'!C9+'دره پنبه دان'!C9+صفاخانه!C9+'کریم آباد'!C9 -> 3.7326667 | M9: ='پل آدینان'!B9+'دره پنبه دان'!B9+صفاخانه!B9+'کریم آباد'!B9 -> 2.0206667
A10: 1374 | B10: ='پل آدینان'!M10+'دره پنبه دان'!M10+صفاخانه!M10+'کریم آباد'!M10 -> 2.0176667 | C10: ='پل آدینان'!L10+'دره پنبه دان'!L10+صفاخانه!L10+'کریم آباد'!L10 -> 3.6026667 | D10: ='پل آدینان'!K10+'دره پنبه دان'!K10+صفاخانه!K10+'کریم آباد'!K10 -> 4.879 | E10: ='پل آدینان'!J10+'دره پنبه دان'!J10+صفاخانه!J10+'کریم آباد'!J10 -> 8.5303333 | F10: ='پل آدینان'!I10+'دره پنبه دان'!I10+صفاخانه!I10+'کریم آباد'!I10 -> 26.433 | G10: ='پل آدینان'!H10+'دره پنبه دان'!H10+صفاخانه!H10+'کریم آباد'!H10 -> 39.426333 | H10: ='پل آدینان'!G10+'دره پنبه دان'!G10+صفاخانه!G10+'کریم آباد'!G10 -> 127.56733 | I10: ='پل آدینان'!F10+'دره پنبه دان'!F10+صفاخانه!F10+'کریم آباد'!F10 -> 118.988 | J10: ='پل آدینان'!E10+'دره پنبه دان'!E10+صفاخانه!E10+'کریم آباد'!E10 -> 37.344 | K10: ='پل آدینان'!D10+'دره پنبه دان'!D10+صفاخانه!D10+'کریم آباد'!D10 -> 4.6423333 | L10: ='پل آدینان'!C10+'دره پنبه دان'!C10+صفاخانه!C10+'کریم آباد'!C10 -> 1.601 | M10: ='پل آدینان'!B10+'دره پنبه دان'!B10+صفاخانه!B10+'کریم آباد'!B10 -> 0.853
A11: 1375 | B11: ='پل آدینان'!M11+'دره پنبه دان'!M11+صفاخانه!M11+'کریم آباد'!M11 -> 1.464 | C11: ='پل آدینان'!L11+'دره پنبه دان'!L11+صفاخانه!L11+'کریم آباد'!L11 -> 3.588 | D11: ='پل آدینان'!K11+'دره پنبه دان'!K11+صفاخانه!K11+'کریم آباد'!K11 -> 6.112 | E11: ='پل آدینان'!J11+'دره پنبه دان'!J11+صفاخانه!J11+'کریم آباد'!J11 -> 10.88 | F11: ='پل آدینان'!I11+'دره پنبه دان'!I11+صفاخانه!I11+'کریم آباد'!I11 -> 10.362 | G11: ='پل آدینان'!H11+'دره پنبه دان'!H11+صفاخانه!H11+'کریم آباد'!H11 -> 21.258 | H11: ='پل آدینان'!G11+'دره پنبه دان'!G11+صفاخانه!G11+'کریم آباد'!G11 -> 115.054 | I11: ='پل آدینان'!F11+'دره پنبه دان'!F11+صفاخانه!F11+'کریم آباد'!F11 -> 119.217 | J11: ='پل آدینان'!E11+'دره پنبه دان'!E11+صفاخانه!E11+'کریم آباد'!E11 -> 22.681 | K11: ='پل آدینان'!D11+'دره پنبه دان'!D11+صفاخانه!D11+'کریم آباد'!D11 -> 5.091 | L11: ='پل آدینان'!C11+'دره پنبه دان'!C11+صفاخانه!C11+'کریم آباد'!C11 -> 1.04 | M11: ='پل آدینان'!B11+'دره پنبه دان'!B11+صفاخانه!B11+'کریم آباد'!B11 -> 0.314
A12: 1376 | B12: ='پل آدینان'!M12+'دره پنبه دان'!M12+صفاخانه!M12+'کریم آباد'!M12 -> 1.549 | C12: ='پل آدینان'!L12+'دره پنبه دان'!L12+صفاخانه!L12+'کریم آباد'!L12 -> 13.252 | D12: ='پل آدینان'!K12+'دره پنبه دان'!K12+صفاخانه!K12+'کریم آباد'!K12 -> 8.242 | E12: ='پل آدینان'!J12+'دره پنبه دان'!J12+صفاخانه!J12+'کریم آباد'!J12 -> 9.771 | F12: ='پل آدینان'!I12+'دره پنبه دان'!I12+صفاخانه!I12+'کریم آباد'!I12 -> 33.856 | G12: ='پل آدینان'!H12+'دره پنبه دان'!H12+صفاخانه!H12+'کریم آباد'!H12 -> 77.356 | H12: ='پل آدینان'!G12+'دره پنبه دان'!G12+صفاخانه!G12+'کریم آباد'!G12 -> 233.467 | I12: ='پل آدینان'!F12+'دره پنبه دان'!F12+صفاخانه!F12+'کریم آباد'!F12 -> 104.426 | J12: ='پل آدینان'!E12+'دره پنبه دان'!E12+صفاخانه!E12+'کریم آباد'!E12 -> 15.147 | K12: ='پل آدینان'!D12+'دره پنبه دان'!D12+صفاخانه!D12+'کریم آباد'!D12 -> 3.772 | L12: ='پل آدینان'!C12+'دره پنبه دان'!C12+صفاخانه!C12+'کریم آباد'!C12 -> 1.635 | M12: ='پل آدینان'!B12+'دره پنبه دان'!B12+صفاخانه!B12+'کریم آباد'!B12 -> 0.98
A13: 1377 | B13: ='پل آدینان'!M13+'دره پنبه دان'!M13+صفاخانه!M13+'کریم آباد'!M13 -> 1.598 | C13: ='پل آدینان'!L13+'دره پنبه دان'!L13+صفاخانه!L13+'کریم آباد'!L13 -> 3.348 | D13: ='پل آدینان'!K13+'دره پنبه دان'!K13+صفاخانه!K13+'کریم آباد'!K13 -> 6.077 | E13: ='پل آدینان'!J13+'دره پنبه دان'!J13+صفاخانه!J13+'کریم آباد'!J13 -> 7.633 | F13: ='پل آدینان'!I13+'دره پنبه دان'!I13+صفاخانه!I13+'کریم آباد'!I13 -> 16.22 | G13: ='پل آدینان'!H13+'دره پنبه دان'!H13+صفاخانه!H13+'کریم آباد'!H13 -> 19.989 | H13: ='پل آدینان'!G13+'دره پنبه دان'!G13+صفاخانه!G13+'کریم آباد'!G13 -> 31.999 | I13: ='پل آدینان'!F13+'دره پنبه دان'!F13+صفاخانه!F13+'کریم آباد'!F13 -> 11.437 | J13: ='پل آدینان'!E13+'دره پنبه دان'!E13+صفاخانه!E13+'کریم آباد'!E13 -> 1.52 | K13: ='پل آدینان'!D13+'دره پنبه دان'!D13+صفاخانه!D13+'کریم آباد'!D13 -> 0.586 | L13: ='پل آدینان'!C13+'دره پنبه دان'!C13+صفاخانه!C13+'کریم آباد'!C13 -> 0.78 | M13: ='پل آدینان'!B13+'دره پنبه دان'!B13+صفاخانه!B13+'کریم آباد'!B13 -> 0.151
... A29: 1393 | B29: ='پل آدینان'!M29+'دره پنبه دان'!M29+صفاخانه!M29+'کریم آباد'!M29 -> 1.291 | C29: ='پل آدینان'!L29+'دره پنبه دان'!L29+صفاخانه!L29+'کریم آباد'!L29 -> 10.001 | D29: ='پل آدینان'!K29+'دره پنبه دان'!K29+صفاخانه!K29+'کریم آباد'!K29 -> 44.39 | E29: ='پل آدینان'!J29+'دره پنبه دان'!J29+صفاخانه!J29+'کریم آباد'!J29 -> 28.666 | F29: ='پل آدینان'!I29+'دره پنبه دان'!I29+صفاخانه!I29+'کریم آباد'!I29 -> 59.558 | G29: ='پل آدینان'!H29+'دره پنبه دان'!H29+صفاخانه!H29+'کریم آباد'!H29 -> 44.171 | H29: ='پل آدینان'!G29+'دره پنبه دان'!G29+صفاخانه!G29+'کریم آباد'!G29 -> 111.948 | I29: ='پل آدینان'!F29+'دره پنبه دان'!F29+صفاخانه!F29+'کریم آباد'!F29 -> 55.355 | J29: ='پل آدینان'!E29+'دره پنبه دان'!E29+صفاخانه!E29+'کریم آباد'!E29 -> 6.605 | K29: ='پل آدینان'!D29+'دره پنبه دان'!D29+صفاخانه!D29+'کریم آباد'!D29 -> 0.585 | L29: ='پل آدینان'!C29+'دره پنبه دان'!C29+صفاخانه!C29+'کریم آباد'!C29 -> 0.832 | M29: ='پل آدینان'!B29+'دره پنبه دان'!B29+صفاخانه!B29+'کریم آباد'!B29 -> 1.198

Sheet خروجی از سد (دبی)
A1: سال | B1: مهر | C1: آبان | D1: آذر | E1: دی | F1: بهمن | G1: اسفند | H1: فروردین | I1: اردیبهشت | J1: خرداد | K1: تیر | L1: مرداد | M1: شهریور
A2: 1366 | B2: 24.332 | C2: 27.772 | D2: 25.967 | E2: 49.765 | F2: 53.26 | G2: 215.486 | H2: 432.167 | I2: 375.861 | J2: 70.848 | K2: 45.258 | L2: 49.758 | M2: 52.294
A3: 1367 | B3: 45.348 | C3: 45.867 | D3: 35.087 | E3: 34.413 | F3: 41.682 | G3: 62.643 | H3: 59.529 | I3: 61.132 | J3: 60.319 | K3: 50.439 | L3: 46.455 | M3: 39.34
A4: 1368 | B4: 40.087 | C4: 29.23 | D4: 15.737 | E4: 16.798 | F4: 12.363 | G4: 47.355 | H4: 60.752 | I4: 73.31 | J4: 62.184 | K4: 48.734 | L4: 57.921 | M4: 49.55
A5: 1369 | B5: 31.293 | C5: 12.828 | D5: 7.248 | E5: 6.317 | F5: 7.132 | G5: 8.305 | H5: 82.322 | I5: 109.065 | J5: 44.034 | K5: 36.81 | L5: 37.571 | M5: 39.73
A6: 1370 | B6: 27.018 | C6: 12.825 | D6: 9.383 | E6: 26.265 | F6: 34.587 | G6: 55.062 | H6: 152.828 | I6: 434.111 | J6: 167.119 | K6: 39.234 | L6: 40.471 | M6: 31.09
A7: 1371 | B7: 29.997 | C7: 30.09 | D7: 27.92 | E7: 27.827 | F7: 38.983 | G7: 63.641 | H7: 168.089 | I7: 196.062 | J7: 61.5 | K7: 41.69 | L7: 37.445 | M7: 28.719
A8: 1372 | B8: 26.315 | C8: 25.965 | D8: 59.188 | E8: 165.835 | F8: 83.112 | G8: 124.052 | H8: 307.449 | I8: 234.41 | J8: 58.703 | K8: 43.652 | L8: 34.752 | M8: 30.642
A9: 1373 | B9: 24.005 | C9: 31.034 | D9: 82.95 | E9: 64.513 | F9: 81.878 | G9: 79.168 | H9: 169.247 | I9: 223.389 | J9: 60.498 | K9: 34.14 | L9: 37.586 | M9: 53.178
A10: 1374 | B10: 30.067 | C10: 10.303 | D10: 3.276 | E10: 3.765 | F10: 4.258 | G10: 6.227 | H10: 163.606 | I10: 192.35 | J10: 47.581 | K10: 38.994 | L10: 39.416 | M10: 37.49
A11: 1375 | B11: 29.95 | C11: 3.37 | D11: 5.441 | E11: 9.043 | F11: 5.145 | G11: 5.203 | H11: 77.668 | I11: 149.612 | J11: 40.594 | K11: 44.29 | L11: 38.242 | M11: 29.59
A12: 1376 | B12: 24.932 | C12: 19.673 | D12: 14.055 | E12: 33.314 | F12: 52.565 | G12: 74.825 | H12: 278.708 | I12: 168.434 | J12: 37.947 | K12: 29.345 | L12: 31.107 | M12: 29.821
A13: 1377 | B13: 24.558 | C13: 24.204 | D13: 9.808 | E13: 7.071 | F13: 7.984 | G13: 8.192 | H13: 7.242 | I13: 25.943 | J13: 24.073 | K13: 20.097 | L13: 17.403 | M13: 14.617
... A29: 1393 | B29: 37.152 | C29: 43.097 | D29: 39.923 | E29: 48.91 | F29: 36.064 | G29: 8.689 | H29: 13.033 | I29: 19.567 | J29: 6.636 | K29: 10.375 | L29: 10.873 | M29: 14.363

Sheet ورودی به سد (حجم)
B1: مهر | C1: آبان | D1: آذر | E1: دی | F1: بهمن | G1: اسفند | H1: فروردین | I1: اردیبهشت | J1: خرداد | K1: تیر | L1: مرداد | M1: شهریور
A2: روز | B2: 30 | C2: 30 | D2: 30 | E2: 30 | F2: 30 | G2: 29 | H2: 31 | I2: 31 | J2: 31 | K2: 31 | L2: 31 | M2: 31
A3: سال
A4: 1366 | B4: ='ورودی به سد (دبی)'!B2*60*60*24*(10^(-6))*B$2 -> 12.62304 | C4: ='ورودی به سد (دبی)'!C2*60*60*24*(10^(-6))*C$2 -> 70.440192 | D4: ='ورودی به سد (دبی)'!D2*60*60*24*(10^(-6))*D$2 -> 67.905216 | E4: ='ورودی به سد (دبی)'!E2*60*60*24*(10^(-6))*E$2 -> 158.77037 | F4: ='ورودی به سد (دبی)'!F2*60*60*24*(10^(-6))*F$2 -> 151.82381 | G4: ='ورودی به سد (دبی)'!G2*60*60*24*(10^(-6))*G$2 -> 813.67857 | H4: ='ورودی به سد (دبی)'!H2*60*60*24*(10^(-6))*H$2 -> 1068.7191 | I4: ='ورودی به سد (دبی)'!I2*60*60*24*(10^(-6))*I$2 -> 931.03595 | ... M4: ='ورودی به سد (دبی)'!M2*60*60*24*(10^(-6))*M$2 -> 9.9395424
A5: 1367 | B5: ='ورودی به سد (دبی)'!B3*60*60*24*(10^(-6))*B$2 -> 13.566528 | C5: ='ورودی به سد (دبی)'!C3*60*60*24*(10^(-6))*C$2 -> 42.30144 | D5: ='ورودی به سد (دبی)'!D3*60*60*24*(10^(-6))*D$2 -> 45.212256 | E5: ='ورودی به سد (دبی)'!E3*60*60*24*(10^(-6))*E$2 -> 56.355264 | F5: ='ورودی به سد (دبی)'!F3*60*60*24*(10^(-6))*F$2 -> 39.971232 | G5: ='ورودی به سد (دبی)'!G3*60*60*24*(10^(-6))*G$2 -> 287.9636 | H5: ='ورودی به سد (دبی)'!H3*60*60*24*(10^(-6))*H$2 -> 355.90579 | I5: ='ورودی به سد (دبی)'!I3*60*60*24*(10^(-6))*I$2 -> 148.05927 | ... M5: ='ورودی به سد (دبی)'!M3*60*60*24*(10^(-6))*M$2 -> 0.7044192
A6: 1368 | B6: ='ورودی به سد (دبی)'!B4*60*60*24*(10^(-6))*B$2 -> 2.16432 | C6: ='ورودی به سد (دبی)'!C4*60*60*24*(10^(-6))*C$2 -> 44.870112 | D6: ='ورودی به سد (دبی)'!D4*60*60*24*(10^(-6))*D$2 -> 59.289408 | E6: ='ورودی به سد (دبی)'!E4*60*60*24*(10^(-6))*E$2 -> 38.657088 | F6: ='ورودی به سد (دبی)'!F4*60*60*24*(10^(-6))*F$2 -> 52.438752 | G6: ='ورودی به سد (دبی)'!G4*60*60*24*(10^(-6))*G$2 -> 930.88051 | H6: ='ورودی به سد (دبی)'!H4*60*60*24*(10^(-6))*H$2 -> 406.01062 | I6: ='ورودی به سد (دبی)'!I4*60*60*24*(10^(-6))*I$2 -> 265.70799 | ... M6: ='ورودی به سد (دبی)'!M4*60*60*24*(10^(-6))*M$2 -> 3.8890368
A7: 1369 | B7: ='ورودی به سد (دبی)'!B5*60*60*24*(10^(-6))*B$2 -> 4.170528 | C7: ='ورودی به سد (دبی)'!C5*60*60*24*(10^(-6))*C$2 -> 14.67072 | D7: ='ورودی به سد (دبی)'!D5*60*60*24*(10^(-6))*D$2 -> 15.46128 | E7: ='ورودی به سد (دبی)'!E5*60*60*24*(10^(-6))*E$2 -> 14.743296 | F7: ='ورودی به سد (دبی)'!F5*60*60*24*(10^(-6))*F$2 -> 29.346624 | G7: ='ورودی به سد (دبی)'!G5*60*60*24*(10^(-6))*G$2 -> 156.47221 | H7: ='ورودی به سد (دبی)'!H5*60*60*24*(10^(-6))*H$2 -> 514.48582 | I7: ='ورودی به سد (دبی)'!I5*60*60*24*(10^(-6))*I$2 -> 175.30128 | ... M7: ='ورودی به سد (دبی)'!M5*60*60*24*(10^(-6))*M$2 -> 0.8088768
A8: 1370 | B8: ='ورودی به سد (دبی)'!B6*60*60*24*(10^(-6))*B$2 -> 6.016032 | C8: ='ورودی به سد (دبی)'!C6*60*60*24*(10^(-6))*C$2 -> 15.99264 | D8: ='ورودی به سد (دبی)'!D6*60*60*24*(10^(-6))*D$2 -> 113.20042 | E8: ='ورودی به سد (دبی)'!E6*60*60*24*(10^(-6))*E$2 -> 58.361472 | F8: ='ورودی به سد (دبی)'!F6*60*60*24*(10^(-6))*F$2 -> 58.001184 | G8: ='ورودی به سد (دبی)'!G6*60*60*24*(10^(-6))*G$2 -> 145.28722 | H8: ='ورودی به سد (دبی)'!H6*60*60*24*(10^(-6))*H$2 -> 685.30346 | I8: ='ورودی به سد (دبی)'!I6*60*60*24*(10^(-6))*I$2 -> 1007.4078 | ... M8: ='ورودی به سد (دبی)'!M6*60*60*24*(10^(-6))*M$2 -> 12.17065
A9: 1371 | B9: ='ورودی به سد (دبی)'!B7*60*60*24*(10^(-6))*B$2 -> 10.865664 | C9: ='ورودی به سد (دبی)'!C7*60*60*24*(10^(-6))*C$2 -> 27.742176 | D9: ='ورودی به سد (دبی)'!D7*60*60*24*(10^(-6))*D$2 -> 59.950368 | E9: ='ورودی به سد (دبی)'!E7*60*60*24*(10^(-6))*E$2 -> 62.236512 | F9: ='ورودی به سد (دبی)'!F7*60*60*24*(10^(-6))*F$2 -> 42.550272 | G9: ='ورودی به سد (دبی)'!G7*60*60*24*(10^(-6))*G$2 -> 193.70543 | H9: ='ورودی به سد (دبی)'!H7*60*60*24*(10^(-6))*H$2 -> 429.14396 | I9: ='ورودی به سد (دبی)'!I7*60*60*24*(10^(-6))*I$2 -> 357.70568 | ... M9: ='ورودی به سد (دبی)'!M7*60*60*24*(10^(-6))*M$2 -> 5.731776
A10: 1372 | B10: ='ورودی به سد (دبی)'!B8*60*60*24*(10^(-6))*B$2 -> 6.549984 | C10: ='ورودی به سد (دبی)'!C8*60*60*24*(10^(-6))*C$2 -> 145.03536 | D10: ='ورودی به سد (دبی)'!D8*60*60*24*(10^(-6))*D$2 -> 213.2231 | E10: ='ورودی به سد (دبی)'!E8*60*60*24*(10^(-6))*E$2 -> 320.41267 | F10: ='ورودی به سد (دبی)'!F8*60*60*24*(10^(-6))*F$2 -> 247.57488 | G10: ='ورودی به سد (دبی)'!G8*60*60*24*(10^(-6))*G$2 -> 298.33678 | H10: ='ورودی به سد (دبی)'!H8*60*60*24*(10^(-6))*H$2 -> 480.05231 | I10: ='ورودی به سد (دبی)'!I8*60*60*24*(10^(-6))*I$2 -> 399.36551 | ... M10: ='ورودی به سد (دبی)'!M8*60*60*24*(10^(-6))*M$2 -> 6.120144
A11: 1373 | B11: ='ورودی به سد (دبی)'!B9*60*60*24*(10^(-6))*B$2 -> 8.567424 | C11: ='ورودی به سد (دبی)'!C9*60*60*24*(10^(-6))*C$2 -> 114.54048 | D11: ='ورودی به سد (دبی)'!D9*60*60*24*(10^(-6))*D$2 -> 128.07331 | E11: ='ورودی به سد (دبی)'!E9*60*60*24*(10^(-6))*E$2 -> 128.26166 | F11: ='ورودی به سد (دبی)'!F9*60*60*24*(10^(-6))*F$2 -> 119.78323 | G11: ='ورودی به سد (دبی)'!G9*60*60*24*(10^(-6))*G$2 -> 149.18426 | H11: ='ورودی به سد (دبی)'!H9*60*60*24*(10^(-6))*H$2 -> 373.66537 | I11: ='ورودی به سد (دبی)'!I9*60*60*24*(10^(-6))*I$2 -> 371.92262 | ... M11: ='ورودی به سد (دبی)'!M9*60*60*24*(10^(-6))*M$2 -> 5.4121536
A12: 1374 | B12: ='ورودی به سد (دبی)'!B10*60*60*24*(10^(-6))*B$2 -> 5.229792 | C12: ='ورودی به سد (دبی)'!C10*60*60*24*(10^(-6))*C$2 -> 9.338112 | D12: ='ورودی به سد (دبی)'!D10*60*60*24*(10^(-6))*D$2 -> 12.646368 | E12: ='ورودی به سد (دبی)'!E10*60*60*24*(10^(-6))*E$2 -> 22.110624 | F12: ='ورودی به سد (دبی)'!F10*60*60*24*(10^(-6))*F$2 -> 68.514336 | G12: ='ورودی به سد (دبی)'!G10*60*60*24*(10^(-6))*G$2 -> 98.786621 | H12: ='ورودی به سد (دبی)'!H10*60*60*24*(10^(-6))*H$2 -> 341.67635 | I12: ='ورودی به سد (دبی)'!I10*60*60*24*(10^(-6))*I$2 -> 318.69746 | ... M12: ='ورودی به سد (دبی)'!M10*60*60*24*(10^(-6))*M$2 -> 2.2846752
A13: 1375 | B13: ='ورودی به سد (دبی)'!B11*60*60*24*(10^(-6))*B$2 -> 3.794688 | C13: ='ورودی به سد (دبی)'!C11*60*60*24*(10^(-6))*C$2 -> 9.300096 | D13: ='ورودی به سد (دبی)'!D11*60*60*24*(10^(-6))*D$2 -> 15.842304 | E13: ='ورودی به سد (دبی)'!E11*60*60*24*(10^(-6))*E$2 -> 28.20096 | F13: ='ورودی به سد (دبی)'!F11*60*60*24*(10^(-6))*F$2 -> 26.858304 | G13: ='ورودی به سد (دبی)'!G11*60*60*24*(10^(-6))*G$2 -> 53.264045 | H13: ='ورودی به سد (دبی)'!H11*60*60*24*(10^(-6))*H$2 -> 308.16063 | I13: ='ورودی به سد (دبی)'!I11*60*60*24*(10^(-6))*I$2 -> 319.31081 | ... M13: ='ورودی به سد (دبی)'!M11*60*60*24*(10^(-6))*M$2 -> 0.8410176
A14: 1376 | B14: ='ورودی به سد (دبی)'!B12*60*60*24*(10^(-6))*B$2 -> 4.015008 | C14: ='ورودی به سد (دبی)'!C12*60*60*24*(10^(-6))*C$2 -> 34.349184 | D14: ='ورودی به سد (دبی)'!D12*60*60*24*(10^(-6))*D$2 -> 21.363264 | E14: ='ورودی به سد (دبی)'!E12*60*60*24*(10^(-6))*E$2 -> 25.326432 | F14: ='ورودی به سد (دبی)'!F12*60*60*24*(10^(-6))*F$2 -> 87.754752 | G14: ='ورودی به سد (دبی)'!G12*60*60*24*(10^(-6))*G$2 -> 193.82319 | H14: ='ورودی به سد (دبی)'!H12*60*60*24*(10^(-6))*H$2 -> 625.31801 | I14: ='ورودی به سد (دبی)'!I12*60*60*24*(10^(-6))*I$2 -> 279.6946 | ... M14: ='ورودی به سد (دبی)'!M12*60*60*24*(10^(-6))*M$2 -> 2.624832
A15: 1377 | B15: ='ورودی به سد (دبی)'!B13*60*60*24*(10^(-6))*B$2 -> 4.142016 | C15: ='ورودی به سد (دبی)'!C13*60*60*24*(10^(-6))*C$2 -> 8.678016 | D15: ='ورودی به سد (دبی)'!D13*60*60*24*(10^(-6))*D$2 -> 15.751584 | E15: ='ورودی به سد (دبی)'!E13*60*60*24*(10^(-6))*E$2 -> 19.784736 | F15: ='ورودی به سد (دبی)'!F13*60*60*24*(10^(-6))*F$2 -> 42.04224 | G15: ='ورودی به سد (دبی)'!G13*60*60*24*(10^(-6))*G$2 -> 50.084438 | H15: ='ورودی به سد (دبی)'!H13*60*60*24*(10^(-6))*H$2 -> 85.706122 | I15: ='ورودی به سد (دبی)'!I13*60*60*24*(10^(-6))*I$2 -> 30.632861 | ... M15: ='ورودی به سد (دبی)'!M13*60*60*24*(10^(-6))*M$2 -> 0.4044384
... A31: 1393 | B31: ='ورودی به سد (دبی)'!B29*60*60*24*(10^(-6))*B$2 -> 3.346272 | C31: ='ورودی به سد (دبی)'!C29*60*60*24*(10^(-6))*C$2 -> 25.922592 | D31: ='ورودی به سد (دبی)'!D29*60*60*24*(10^(-6))*D$2 -> 115.05888 | E31: ='ورودی به سد (دبی)'!E29*60*60*24*(10^(-6))*E$2 -> 74.302272 | F31: ='ورودی به سد (دبی)'!F29*60*60*24*(10^(-6))*F$2 -> 154.37434 | G31: ='ورودی به سد (دبی)'!G29*60*60*24*(10^(-6))*G$2 -> 110.67486 | H31: ='ورودی به سد (دبی)'!H29*60*60*24*(10^(-6))*H$2 -> 299.84152 | I31: ='ورودی به سد (دبی)'!I29*60*60*24*(10^(-6))*I$2 -> 148.26283 | ... M31: ='ورودی به سد (دبی)'!M29*60*60*24*(10^(-6))*M$2 -> 3.2087232

Sheet خروجی از سد (حجم)
B1: مهر | C1: آبان | D1: آذر | E1: دی | F1: بهمن | G1: اسفند | H1: فروردین | I1: اردیبهشت | J1: خرداد | K1: تیر | L1: مرداد | M1: شهریور
A2: روز | B2: 30 | C2: 30 | D2: 30 | E2: 30 | F2: 30 | G2: 29 | H2: 31 | I2: 31 | J2: 31 | K2: 31 | L2: 31 | M2: 31
A3: سال
A4: 1366 | B4: ='خروجی از سد (دبی)'!B2*60*60*24*(10^(-6))*B$2 -> 63.068544 | C4: ='خروجی از سد (دبی)'!C2*60*60*24*(10^(-6))*C$2 -> 71.985024 | D4: ='خروجی از سد (دبی)'!D2*60*60*24*(10^(-6))*D$2 -> 67.306464 | E4: ='خروجی از سد (دبی)'!E2*60*60*24*(10^(-6))*E$2 -> 128.99088 | F4: ='خروجی از سد (دبی)'!F2*60*60*24*(10^(-6))*F$2 -> 138.04992 | G4: ='خروجی از سد (دبی)'!G2*60*60*24*(10^(-6))*G$2 -> 539.92172 | H4: ='خروجی از سد (دبی)'!H2*60*60*24*(10^(-6))*H$2 -> 1157.5161 | I4: ='خروجی از سد (دبی)'!I2*60*60*24*(10^(-6))*I$2 -> 1006.7061 | ... M4: ='خروجی از سد (دبی)'!M2*60*60*24*(10^(-6))*M$2 -> 140.06425
A5: 1367 | B5: ='خروجی از سد (دبی)'!B3*60*60*24*(10^(-6))*B$2 -> 117.54202 | C5: ='خروجی از سد (دبی)'!C3*60*60*24*(10^(-6))*C$2 -> 118.88726 | D5: ='خروجی از سد (دبی)'!D3*60*60*24*(10^(-6))*D$2 -> 90.945504 | E5: ='خروجی از سد (دبی)'!E3*60*60*24*(10^(-6))*E$2 -> 89.198496 | F5: ='خروجی از سد (دبی)'!F3*60*60*24*(10^(-6))*F$2 -> 108.03974 | G5: ='خروجی از سد (دبی)'!G3*60*60*24*(10^(-6))*G$2 -> 156.9583 | H5: ='خروجی از سد (دبی)'!H3*60*60*24*(10^(-6))*H$2 -> 159.44247 | I5: ='خروجی از سد (دبی)'!I3*60*60*24*(10^(-6))*I$2 -> 163.73595 | ... M5: ='خروجی از سد (دبی)'!M3*60*60*24*(10^(-6))*M$2 -> 105.36826
A6: 1368 | B6: ='خروجی از سد (دبی)'!B4*60*60*24*(10^(-6))*B$2 -> 103.9055 | C6: ='خروجی از سد (دبی)'!C4*60*60*24*(10^(-6))*C$2 -> 75.76416 | D6: ='خروجی از سد (دبی)'!D4*60*60*24*(10^(-6))*D$2 -> 40.790304 | E6: ='خروجی از سد (دبی)'!E4*60*60*24*(10^(-6))*E$2 -> 43.540416 | F6: ='خروجی از سد (دبی)'!F4*60*60*24*(10^(-6))*F$2 -> 32.044896 | G6: ='خروجی از سد (دبی)'!G4*60*60*24*(10^(-6))*G$2 -> 118.65269 | H6: ='خروجی از سد (دبی)'!H4*60*60*24*(10^(-6))*H$2 -> 162.71816 | I6: ='خروجی از سد (دبی)'!I4*60*60*24*(10^(-6))*I$2 -> 196.3535 | ... M6: ='خروجی از سد (دبی)'!M4*60*60*24*(10^(-6))*M$2 -> 132.71472
A7: 1369 | B7: ='خروجی از سد (دبی)'!B5*60*60*24*(10^(-6))*B$2 -> 81.111456 | C7: ='خروجی از سد (دبی)'!C5*60*60*24*(10^(-6))*C$2 -> 33.250176 | D7: ='خروجی از سد (دبی)'!D5*60*60*24*(10^(-6))*D$2 -> 18.786816 | E7: ='خروجی از سد (دبی)'!E5*60*60*24*(10^(-6))*E$2 -> 16.373664 | F7: ='خروجی از سد (دبی)'!F5*60*60*24*(10^(-6))*F$2 -> 18.486144 | G7: ='خروجی از سد (دبی)'!G5*60*60*24*(10^(-6))*G$2 -> 20.809008 | H7: ='خروجی از سد (دبی)'!H5*60*60*24*(10^(-6))*H$2 -> 220.49124 | I7: ='خروجی از سد (دبی)'!I5*60*60*24*(10^(-6))*I$2 -> 292.1197 | ... M7: ='خروجی از سد (دبی)'!M5*60*60*24*(10^(-6))*M$2 -> 106.41283
A8: 1370 | B8: ='خروجی از سد (دبی)'!B6*60*60*24*(10^(-6))*B$2 -> 70.030656 | C8: ='خروجی از سد (دبی)'!C6*60*60*24*(10^(-6))*C$2 -> 33.2424 | D8: ='خروجی از سد (دبی)'!D6*60*60*24*(10^(-6))*D$2 -> 24.320736 | E8: ='خروجی از سد (دبی)'!E6*60*60*24*(10^(-6))*E$2 -> 68.07888 | F8: ='خروجی از سد (دبی)'!F6*60*60*24*(10^(-6))*F$2 -> 89.649504 | G8: ='خروجی از سد (دبی)'!G6*60*60*24*(10^(-6))*G$2 -> 137.96335 | H8: ='خروجی از سد (دبی)'!H6*60*60*24*(10^(-6))*H$2 -> 409.33452 | I8: ='خروجی از سد (دبی)'!I6*60*60*24*(10^(-6))*I$2 -> 1162.7229 | ... M8: ='خروجی از سد (دبی)'!M6*60*60*24*(10^(-6))*M$2 -> 83.271456
A9: 1371 | B9: ='خروجی از سد (دبی)'!B7*60*60*24*(10^(-6))*B$2 -> 77.752224 | C9: ='خروجی از سد (دبی)'!C7*60*60*24*(10^(-6))*C$2 -> 77.99328 | D9: ='خروجی از سد (دبی)'!D7*60*60*24*(10^(-6))*D$2 -> 72.36864 | E9: ='خروجی از سد (دبی)'!E7*60*60*24*(10^(-6))*E$2 -> 72.127584 | F9: ='خروجی از سد (دبی)'!F7*60*60*24*(10^(-6))*F$2 -> 101.04394 | G9: ='خروجی از سد (دبی)'!G7*60*60*24*(10^(-6))*G$2 -> 159.45889 | H9: ='خروجی از سد (دبی)'!H7*60*60*24*(10^(-6))*H$2 -> 450.20958 | I9: ='خروجی از سد (دبی)'!I7*60*60*24*(10^(-6))*I$2 -> 525.13246 | ... M9: ='خروجی از سد (دبی)'!M7*60*60*24*(10^(-6))*M$2 -> 76.92097
A10: 1372 | B10: ='خروجی از سد (دبی)'!B8*60*60*24*(10^(-6))*B$2 -> 68.20848 | C10: ='خروجی از سد (دبی)'!C8*60*60*24*(10^(-6))*C$2 -> 67.30128 | D10: ='خروجی از سد (دبی)'!D8*60*60*24*(10^(-6))*D$2 -> 153.4153 | E10: ='خروجی از سد (دبی)'!E8*60*60*24*(10^(-6))*E$2 -> 429.84432 | F10: ='خروجی از سد (دبی)'!F8*60*60*24*(10^(-6))*F$2 -> 215.4263 | G10: ='خروجی از سد (دبی)'!G8*60*60*24*(10^(-6))*G$2 -> 310.82469 | H10: ='خروجی از سد (دبی)'!H8*60*60*24*(10^(-6))*H$2 -> 823.4714 | I10: ='خروجی از سد (دبی)'!I8*60*60*24*(10^(-6))*I$2 -> 627.84374 | ... M10: ='خروجی از سد (دبی)'!M8*60*60*24*(10^(-6))*M$2 -> 82.071533
A11: 1373 | B11: ='خروجی از سد (دبی)'!B9*60*60*24*(10^(-6))*B$2 -> 62.22096 | C11: ='خروجی از سد (دبی)'!C9*60*60*24*(10^(-6))*C$2 -> 80.440128 | D11: ='خروجی از سد (دبی)'!D9*60*60*24*(10^(-6))*D$2 -> 215.0064 | E11: ='خروجی از سد (دبی)'!E9*60*60*24*(10^(-6))*E$2 -> 167.2177 | F11: ='خروجی از سد (دبی)'!F9*60*60*24*(10^(-6))*F$2 -> 212.22778 | G11: ='خروجی از سد (دبی)'!G9*60*60*24*(10^(-6))*G$2 -> 198.36334 | H11: ='خروجی از سد (دبی)'!H9*60*60*24*(10^(-6))*H$2 -> 453.31116 | I11: ='خروجی از سد (دبی)'!I9*60*60*24*(10^(-6))*I$2 -> 598.3251 | ... M11: ='خروجی از سد (دبی)'!M9*60*60*24*(10^(-6))*M$2 -> 142.43196
A12: 1374 | B12: ='خروجی از سد (دبی)'!B10*60*60*24*(10^(-6))*B$2 -> 77.933664 | C12: ='خروجی از سد (دبی)'!C10*60*60*24*(10^(-6))*C$2 -> 26.705376 | D12: ='خروجی از سد (دبی)'!D10*60*60*24*(10^(-6))*D$2 -> 8.491392 | E12: ='خروجی از سد (دبی)'!E10*60*60*24*(10^(-6))*E$2 -> 9.75888 | F12: ='خروجی از سد (دبی)'!F10*60*60*24*(10^(-6))*F$2 -> 11.036736 | G12: ='خروجی از سد (دبی)'!G10*60*60*24*(10^(-6))*G$2 -> 15.602371 | H12: ='خروجی از سد (دبی)'!H10*60*60*24*(10^(-6))*H$2 -> 438.20231 | I12: ='خروجی از سد (دبی)'!I10*60*60*24*(10^(-6))*I$2 -> 515.19024 | ... M12: ='خروجی از سد (دبی)'!M10*60*60*24*(10^(-6))*M$2 -> 100.41322
A13: 1375 | B13: ='خروجی از سد (دبی)'!B11*60*60*24*(10^(-6))*B$2 -> 77.6304 | C13: ='خروجی از سد (دبی)'!C11*60*60*24*(10^(-6))*C$2 -> 8.73504 | D13: ='خروجی از سد (دبی)'!D11*60*60*24*(10^(-6))*D$2 -> 14.103072 | E13: ='خروجی از سد (دبی)'!E11*60*60*24*(10^(-6))*E$2 -> 23.439456 | F13: ='خروجی از سد (دبی)'!F11*60*60*24*(10^(-6))*F$2 -> 13.33584 | G13: ='خروجی از سد (دبی)'!G11*60*60*24*(10^(-6))*G$2 -> 13.036637 | H13: ='خروجی از سد (دبی)'!H11*60*60*24*(10^(-6))*H$2 -> 208.02597 | I13: ='خروجی از سد (دبی)'!I11*60*60*24*(10^(-6))*I$2 -> 400.72078 | ... M13: ='خروجی از سد (دبی)'!M11*60*60*24*(10^(-6))*M$2 -> 79.253856
A14: 1376 | B14: ='خروجی از سد (دبی)'!B12*60*60*24*(10^(-6))*B$2 -> 64.623744 | C14: ='خروجی از سد (دبی)'!C12*60*60*24*(10^(-6))*C$2 -> 50.992416 | D14: ='خروجی از سد (دبی)'!D12*60*60*24*(10^(-6))*D$2 -> 36.43056 | E14: ='خروجی از سد (دبی)'!E12*60*60*24*(10^(-6))*E$2 -> 86.349888 | F14: ='خروجی از سد (دبی)'!F12*60*60*24*(10^(-6))*F$2 -> 136.24848 | G14: ='خروجی از سد (دبی)'!G12*60*60*24*(10^(-6))*G$2 -> 187.48152 | H14: ='خروجی از سد (دبی)'!H12*60*60*24*(10^(-6))*H$2 -> 746.49151 | I14: ='خروجی از سد (دبی)'!I12*60*60*24*(10^(-6))*I$2 -> 451.13363 | ... M14: ='خروجی از سد (دبی)'!M12*60*60*24*(10^(-6))*M$2 -> 79.872566
A15: 1377 | B15: ='خروجی از سد (دبی)'!B13*60*60*24*(10^(-6))*B$2 -> 63.654336 | C15: ='خروجی از سد (دبی)'!C13*60*60*24*(10^(-6))*C$2 -> 62.736768 | D15: ='خروجی از سد (دبی)'!D13*60*60*24*(10^(-6))*D$2 -> 25.422336 | E15: ='خروجی از سد (دبی)'!E13*60*60*24*(10^(-6))*E$2 -> 18.328032 | F15: ='خروجی از سد (دبی)'!F13*60*60*24*(10^(-6))*F$2 -> 20.694528 | G15: ='خروجی از سد (دبی)'!G13*60*60*24*(10^(-6))*G$2 -> 20.525875 | H15: ='خروجی از سد (دبی)'!H13*60*60*24*(10^(-6))*H$2 -> 19.396973 | I15: ='خروجی از سد (دبی)'!I13*60*60*24*(10^(-6))*I$2 -> 69.485731 | ... M15: ='خروجی از سد (دبی)'!M13*60*60*24*(10^(-6))*M$2 -> 39.150173
... A31: 1393 | B31: ='خروجی از سد (دبی)'!B29*60*60*24*(10^(-6))*B$2 -> 96.297984 | C31: ='خروجی از سد (دبی)'!C29*60*60*24*(10^(-6))*C$2 -> 111.70742 | D31: ='خروجی از سد (دبی)'!D29*60*60*24*(10^(-6))*D$2 -> 103.48042 | E31: ='خروجی از سد (دبی)'!E29*60*60*24*(10^(-6))*E$2 -> 126.77472 | F31: ='خروجی از سد (دبی)'!F29*60*60*24*(10^(-6))*F$2 -> 93.477888 | G31: ='خروجی از سد (دبی)'!G29*60*60*24*(10^(-6))*G$2 -> 21.771158 | H31: ='خروجی از سد (دبی)'!H29*60*60*24*(10^(-6))*H$2 -> 34.907587 | I31: ='خروجی از سد (دبی)'!I29*60*60*24*(10^(-6))*I$2 -> 52.408253 | ... M31: ='خروجی از سد (دبی)'!M29*60*60*24*(10^(-6))*M$2 -> 38.469859
