Workbook

Sheet Sheet1
B1: 1 | C1: 2 | D1: 3 | E1: 4 | F1: 5 | G1: 6 | H1: 7 | I1: 8 | J1: 9 | K1: 10 | L1: 11 | M1: 12 | N1: 13 | O1: 14 | P1: 15 | Q1: 16 | R1: 17 | S1: 18 | T1: 19 | U1: 20 | V1: 21 | W1: 22 | X1: 23 | Y1: 24 | Z1: 25 | AA1: 26 | AB1: 27 | AC1: 28 | AD1: 29 | AE1: 30 | AF1: 31 | AG1: 32 | AH1: 33 | AI1: 34 | AJ1: 35 | AK1: 36 | AL1: 37 | AM1: 38 | AN1: 39 | AO1: 40 | AP1: 41 | AQ1: 42 | AR1: 43 | AS1: 44 | AT1: 45 | AU1: 46 | AV1: 47 | AW1: 48 | AX1: 49 | AY1: 50 | AZ1: 51 | BA1: 52 | BB1: 53 | BC1: 54 | BD1: 55 | BE1: 56 | BF1: 57 | BG1: 58 | BH1: 59 | BI1: 60 | BJ1: 61 | BK1: 62 | BL1: 63 | BM1: 64 | BN1: 65 | BO1: 66 | BP1: 67 | BQ1: 68 | BR1: 69 | BS1: 70 | BT1: 71 | BU1: 72 | BV1: 73 | BW1: 74 | BX1: 75 | BY1: 76 | BZ1: 77 | CA1: 78 | CB1: 79 | CC1: 80 | CD1: 81 | CE1: 82 | CF1: 83 | CG1: 84 | CH1: 85 | CI1: 86 | CJ1: 87 | CK1: 88 | CL1: 89 | CM1: 90 | CN1: 91 | CO1: 92 | CP1: 93 | CQ1: 94 | CR1: 95 | CS1: 96 | CT1: 97 | CU1: 98 | CV1: 99 | CW1: 100 | CX1: 101 | CY1: 102 | CZ1: 103 | DA1: 104 | DB1: 105 | DC1: 106 | DD1: 107 | DE1: 108 | DF1: 109 | DG1: 110 | DH1: 111 | DI1: 112 | DJ1: 113 | DK1: 114 | DL1: 115 | DM1: 116 | DN1: 117 | DO1: 118 | DP1: 119 | DQ1: 120 | DR1: 121
A2: Rsd | B2: 1.7005646 | C2: 4.5106392 | D2: 12.82148 | E2: 26.944381 | F2: 24.456056 | G2: 59.989541 | H2: 59.9804 | I2: 75.845371 | J2: 57.211323 | K2: 5.9573563 | L2: 2.0540582 | M2: 0 | N2: 1.5707668 | O2: 29.9888 | P2: 0 | Q2: 26.039665 | R2: 19.9916 | S2: 49.9832 | T2: 67.370835 | U2: 81.539959 | V2: 76.065996 | W2: 2.4659168 | X2: 0 | Y2: 2.1314154 | Z2: 1.6972277 | AA2: 0 | AB2: 5.4995862 | AC2: 0 | AD2: 0.088759455 | AE2: 53.581265 | AF2: 59.9804 | AG2: 11.057342 | AH2: 2.0535256 | AI2: 0 | AJ2: 4.1402571 | AK2: 0 | AL2: 6.5560915 | AM2: 1.5451307 | AN2: 0 | AO2: 0 | AP2: 11.236218 | AQ2: 49.9832 | AR2: 65.338536 | AS2: 74.732075 | AT2: 28.939456 | AU2: 0 | AV2: 1.197761 | AW2: 2.1883435 | AX2: 2.1084224 | AY2: 26.125122 | AZ2: 24.415267 | BA2: 29.9888 | BB2: 19.9916 | BC2: 60.034482 | BD2: 70.0165 | BE2: 75.152422 | BF2: 70.367823 | BG2: 20.086778 | BH2: 7.516987 | BI2: 9.8255922 | BJ2: 0 | BK2: 0 | BL2: 3.1785939 | BM2: 6.1244177 | BN2: 19.9916 | BO2: 56.542539 | BP2: 66.588864 | BQ2: 82.373265 | BR2: 43.193027 | BS2: 2.7157812 | BT2: 0 | BU2: 0 | BV2: 3.6527544 | BW2: 9.8083171 | BX2: 9.6501495 | BY2: 15.731582 | BZ2: 19.9916 | CA2: 49.9832 | CB2: 63.548279 | CC2: 74.790707 | CD2: 60.393086 | CE2: 2.4151504 | CF2: 2.6035338 | CG2: 0 | CH2: 2.5356673 | CI2: 12.155743 | CJ2: 19.9916 | CK2: 29.9888 | CL2: 24.721694 | CM2: 49.9832 | CN2: 59.9804 | CO2: 72.514836 | CP2: 2.2902658 | CQ2: 1.5711463 | CR2: 8.9685253 | CS2: 0 | CT2: 0 | CU2: 0 | CV2: 30.000754 | CW2: 23.48747 | CX2: 23.28795 | CY2: 49.9832 | CZ2: 64.626668 | DA2: 70.367823 | DB2: 18.238134 | DC2: 0.2063129 | DD2: 3.1040956 | DE2: 0 | DF2: 0.65606201 | DG2: 9.6151591 | DH2: 27.301782 | DI2: 29.9888 | DJ2: 19.9916 | DK2: 52.057143 | DL2: 60.140695 | DM2: 76.168636 | DN2: 43.576836 | DO2: 2.4967886 | DP2: 0 | DQ2: 8.0744878 | DR2: #N/A
A3: DivD | B3: 21.219858 | C3: 12.151027 | D3: 9.6976693 | E3: 10.283971 | F3: 5.5441446 | G3: 0 | H3: 10 | I3: 24.154066 | J3: 18.298841 | K3: 14.818015 | L3: 1.7099077 | M3: 0 | N3: 2.5064742 | O3: 0 | P3: 0 | Q3: 3.2578884 | R3: 0 | S3: 4.6889782 | T3: 2.6276476 | U3: 12.202465 | V3: 0 | W3: 0 | X3: 3.3528796 | Y3: 0 | Z3: 1.1071603 | AA3: 0 | AB3: 0 | AC3: 0 | AD3: 2.9871872 | AE3: 3.042945 | AF3: 8.4078001 | AG3: 3.5712006 | AH3: 0 | AI3: 0 | AJ3: 3.8023611 | AK3: 0 | AL3: 0 | AM3: 0 | AN3: 0.30377131 | AO3: 0 | AP3: 3.340211 | AQ3: 10 | AR3: 4.6558533 | AS3: 15.512961 | AT3: 3.1294309 | AU3: 0.26682299 | AV3: 8.3919857 | AW3: 0.8331624 | AX3: 0 | AY3: 8.2179498 | AZ3: 1.682256 | BA3: 8.9507297 | BB3: 10 | BC3: 0 | BD3: 0 | BE3: 14.909748 | BF3: 25.521465 | BG3: 0 | BH3: 5.493472 | BI3: 0 | BJ3: 1.5961727 | BK3: 7.5381664 | BL3: 0 | BM3: 0.01382084 | BN3: 1.7167285 | BO3: 3.4428891 | BP3: 2.8375209 | BQ3: 17.644003 | BR3: 0 | BS3: 0 | BT3: 0 | BU3: 9.2177488 | BV3: 0 | BW3: 0.56061372 | BX3: 0 | BY3: 0 | BZ3: 5.4778657 | CA3: 3.8244748 | CB3: 6.4554602 | CC3: 15.193893 | CD3: 0 | CE3: 3.385883 | CF3: 3.8389196 | CG3: 0 | CH3: 0 | CI3: 2.3647208 | CJ3: 0 | CK3: 0 | CL3: 5.2879208 | CM3: 4.0493137 | CN3: 5.94024 | CO3: 2.8118912 | CP3: 0 | CQ3: 11.813615 | CR3: 0 | CS3: 0 | CT3: 0 | CU3: 0.94352036 | CV3: 0 | CW3: 4.4573685 | CX3: 3.2455993 | CY3: 10 | CZ3: 5.3771838 | DA3: 21.173702 | DB3: 0 | DC3: 0 | DD3: 6.5781181 | DE3: 7.0186618 | DF3: 0 | DG3: 0 | DH3: 2.6902402 | DI3: 6.8200404 | DJ3: 5.3481061 | DK3: 4.4542798 | DL3: 9.4618359 | DM3: 23.812919 | DN3: 5.089497 | DO3: 0 | DP3: 0 | DQ3: 0 | DR3: #N/A
A4: Rsriv | B4: 22.506775 | C4: 18.064937 | D4: 22.90922 | E4: 17.991201 | F4: 188.03687 | G4: 251.98883 | H4: 194.84644 | I4: 136.26167 | J4: 21.898537 | K4: 18.101772 | L4: 16.665348 | M4: 21.513634 | N4: 22.031712 | O4: 14.494585 | P4: 25.298942 | Q4: 20.774961 | R4: 35.150313 | S4: 66.171732 | T4: 234.80353 | U4: 220.56567 | V4: 18.011935 | W4: 16.431635 | X4: 15.933477 | Y4: 14.396953 | Z4: 17.643754 | AA4: 18.215272 | AB4: 15.509105 | AC4: 17.789377 | AD4: 23.196659 | AE4: 69.148382 | AF4: 65.247258 | AG4: 19.880379 | AH4: 17.607331 | AI4: 16.599072 | AJ4: 14.393282 | AK4: 14.379511 | AL4: 13.841226 | AM4: 16.054177 | AN4: 18.465769 | AO4: 15.048284 | AP4: 22.281604 | AQ4: 38.396685 | AR4: 66.202122 | AS4: 40.310997 | AT4: 23.382596 | AU4: 15.345038 | AV4: 18.459467 | AW4: 17.513504 | AX4: 16.504593 | AY4: 24.273527 | AZ4: 20.509695 | BA4: 33.381584 | BB4: 68.05259 | BC4: 274.16287 | BD4: 500.42863 | BE4: 524.2398 | BF4: 286.26967 | BG4: 20.499272 | BH4: 16.888343 | BI4: 23.392 | BJ4: 23.805832 | BK4: 22.487344 | BL4: 20.190566 | BM4: 18.30562 | BN4: 21.051812 | BO4: 131.51192 | BP4: 149.82867 | BQ4: 172.99332 | BR4: 20.890112 | BS4: 21.278888 | BT4: 19.874365 | BU4: 23.386358 | BV4: 15.544926 | BW4: 19.28638 | BX4: 20.281607 | BY4: 19.359368 | BZ4: 29.149854 | CA4: 68.455434 | CB4: 567.55311 | CC4: 385.19897 | CD4: 19.664972 | CE4: 23.380716 | CF4: 23.392 | CG4: 23.375073 | CH4: 21.165467 | CI4: 21.704172 | CJ4: 17.567138 | CK4: 16.180424 | CL4: 114.45402 | CM4: 108.05385 | CN4: 111.40591 | CO4: 22.223612 | CP4: 16.84122 | CQ4: 23.392 | CR4: 14.818822 | CS4: 14.859908 | CT4: 17.388021 | CU4: 16.619332 | CV4: 17.008752 | CW4: 20.649791 | CX4: 44.136897 | CY4: 113.31328 | CZ4: 104.56411 | DA4: 63.297101 | DB4: 22.833448 | DC4: 14.532909 | DD4: 23.386358 | DE4: 22.554405 | DF4: 13.278541 | DG4: 21.472983 | DH4: 53.06273 | DI4: 46.357833 | DJ4: 82.771562 | DK4: 91.097099 | DL4: 77.73374 | DM4: 63.626896 | DN4: 17.010301 | DO4: 23.392 | DP4: 21.669336 | DQ4: 20.796203 | DR4: #N/A
A5: Rgd | B5: 37.069234 | C5: 23.33197 | D5: 7.4733857 | E5: 2.7690159 | F5: 0 | G5: 0 | H5: 0 | I5: 0 | J5: 54.457896 | K5: 149.20083 | L5: 176.20214 | M5: 90.035794 | N5: 55.907891 | O5: 10 | P5: 29.992652 | Q5: 10.699417 | R5: 10 | S5: 5.321106 | T5: 0 | U5: 6.2361737 | V5: 53.900831 | W5: 167.49158 | X5: 176.59713 | Y5: 87.852043 | Z5: 57.184673 | AA5: 39.990752 | AB5: 24.504604 | AC5: 40.0166 | AD5: 26.916262 | AE5: 3.3602266 | AF5: 1.6163085 | AG5: 85.351279 | AH5: 127.92681 | AI5: 169.98736 | AJ5: 172.00999 | AK5: 89.992822 | AL5: 53.443109 | AM5: 38.466677 | AN5: 29.704906 | AO5: 39.997075 | AP5: 15.430042 | AQ5: 0 | AR5: 0 | AS5: 9.7283228 | AT5: 97.89751 | AU5: 169.68671 | AV5: 170.3639 | AW5: 86.960601 | AX5: 57.911531 | AY5: 5.6884337 | AZ5: 3.9083282 | BA5: 1.0609374 | BB5: 0 | BC5: 0 | BD5: 0 | BE5: 9.9104925 | BF5: 34.101137 | BG5: 149.88933 | BH5: 166.9871 | BI5: 80.160548 | BJ5: 58.392601 | BK5: 32.510572 | BL5: 26.815431 | BM5: 33.853575 | BN5: 8.2885334 | BO5: 0 | BP5: 0.5576162 | BQ5: 0 | BR5: 86.785708 | BS5: 167.34282 | BT5: 179.97428 | BU5: 80.774265 | BV5: 56.357063 | BW5: 29.629784 | BX5: 20.366005 | BY5: 24.257218 | BZ5: 4.5252762 | CA5: 6.1913629 | CB5: 0 | CC5: 10 | CD5: 69.597461 | CE5: 164.15473 | CF5: 173.54942 | CG5: 90.007702 | CH5: 57.451001 | CI5: 25.476162 | CJ5: 10 | CK5: 10 | CL5: 0 | CM5: 5.9515675 | CN5: 4.066855 | CO5: 24.672681 | CP5: 127.72747 | CQ5: 156.57255 | CR5: 170.99859 | CS5: 89.986785 | CT5: 60.014982 | CU5: 39.062448 | CV5: 0 | CW5: 12.045966 | CX5: 3.4586072 | CY5: 0 | CZ5: 0 | DA5: 8.4553268 | DB5: 112.08266 | DC5: 169.84799 | DD5: 170.28243 | DE5: 83.023248 | DF5: 59.339161 | DG5: 30.467643 | DH5: 0 | DI5: 3.2053211 | DJ5: 4.7148216 | DK5: 3.4832948 | DL5: 0.38501636 | DM5: 0 | DN5: 81.327083 | DO5: 167.5142 | DP5: 180.03867 | DQ5: 81.958285 | DR5: #N/A
A6: fy | B6: 59.989657 | C6: 39.993637 | D6: 29.992535 | E6: 39.997368 | F6: 30.0002 | G6: 59.989541 | H6: 69.9804 | I6: 99.999437 | J6: 129.96806 | K6: 169.9762 | L6: 179.96611 | M6: 90.035794 | N6: 59.985132 | O6: 39.9888 | P6: 29.992652 | Q6: 39.99697 | R6: 29.9916 | S6: 59.993284 | T6: 69.998483 | U6: 99.978598 | V6: 129.96683 | W6: 169.95749 | X6: 179.95001 | Y6: 89.983458 | Z6: 59.989061 | AA6: 39.990752 | AB6: 30.00419 | AC6: 40.0166 | AD6: 29.992208 | AE6: 59.984436 | AF6: 70.004509 | AG6: 99.979821 | AH6: 129.98034 | AI6: 169.98736 | AJ6: 179.95261 | AK6: 89.992822 | AL6: 59.999201 | AM6: 40.011808 | AN6: 30.008678 | AO6: 39.997075 | AP6: 30.006471 | AQ6: 59.9832 | AR6: 69.994389 | AS6: 99.973359 | AT6: 129.9664 | AU6: 169.95353 | AV6: 179.95365 | AW6: 89.982107 | AX6: 60.019953 | AY6: 40.031505 | AZ6: 30.005851 | BA6: 40.000467 | BB6: 29.9916 | BC6: 60.034482 | BD6: 70.0165 | BE6: 99.972662 | BF6: 129.99043 | BG6: 169.9761 | BH6: 179.99756 | BI6: 89.986141 | BJ6: 59.988774 | BK6: 40.048738 | BL6: 29.994025 | BM6: 39.991813 | BN6: 29.996862 | BO6: 59.985428 | BP6: 69.984001 | BQ6: 100.01727 | BR6: 129.97873 | BS6: 170.0586 | BT6: 179.97428 | BU6: 89.992014 | BV6: 60.009818 | BW6: 39.998715 | BX6: 30.016154 | BY6: 39.9888 | BZ6: 29.994742 | CA6: 59.999038 | CB6: 70.00374 | CC6: 99.9846 | CD6: 129.99055 | CE6: 169.95576 | CF6: 179.99188 | CG6: 90.007702 | CH6: 59.986668 | CI6: 39.996626 | CJ6: 29.9916 | CK6: 39.9888 | CL6: 30.009615 | CM6: 59.984081 | CN6: 69.987495 | CO6: 99.999408 | CP6: 130.01774 | CQ6: 169.95731 | CR6: 179.96711 | CS6: 89.986785 | CT6: 60.014982 | CU6: 40.005968 | CV6: 30.000754 | CW6: 39.990804 | CX6: 29.992156 | CY6: 59.9832 | CZ6: 70.003852 | DA6: 99.996853 | DB6: 130.32079 | DC6: 170.0543 | DD6: 179.96465 | DE6: 90.041909 | DF6: 59.995223 | DG6: 40.082803 | DH6: 29.992022 | DI6: 40.014162 | DJ6: 30.054528 | DK6: 59.994718 | DL6: 69.987547 | DM6: 99.981555 | DN6: 129.99342 | DO6: 170.01099 | DP6: 180.03867 | DQ6: 90.032773 | DR6: 166.07216
A7: def | B7: -0.0064571087 | C7: -0.0048365152 | D7: -0.00093545386 | E7: -0.0085681652 | F7: -0.0086004988 | G7: -0.0063411605 | H7: 0 | I7: -0.02743687 | J7: -0.0044598197 | K7: -0.023799352 | L7: -0.01650855 | M7: -0.060993888 | N7: -0.0019320089 | O7: 0 | P7: -0.0010515608 | Q7: -0.0081703835 | R7: 0 | S7: -0.010084204 | T7: -0.018083056 | U7: -0.0065982073 | V7: -0.0032274661 | W7: -0.005094178 | X7: -0.00040977142 | Y7: -0.0086582254 | Z7: -0.0058606271 | AA7: -0.0019524731 | AB7: -0.012590042 | AC7: -0.027799774 | AD7: -0.00060839945 | AE7: -0.0012361448 | AF7: -0.024108682 | AG7: -0.0078214524 | AH7: -0.016738402 | AI7: -0.034962442 | AJ7: -0.0030123493 | AK7: -0.018022405 | AL7: -0.01600076 | AM7: -0.02300778 | AN7: -0.017077797 | AO7: -0.0082751718 | AP7: -0.014871388 | AQ7: 0 | AR7: -0.013989041 | AS7: -0.0013593973 | AT7: -0.0027966347 | AU7: -0.0011328051 | AV7: -0.0040512438 | AW7: -0.0073066109 | AX7: -0.036753122 | AY7: -0.042705462 | AZ7: -0.014251427 | BA7: -0.011667057 | BB7: 0 | BC7: -0.051282066 | BD7: -0.036099976 | BE7: -0.00066165783 | BF7: -0.026825199 | BG7: -0.023703185 | BH7: -0.047961845 | BI7: -0.011340623 | BJ7: -0.0055738656 | BK7: -0.059938198 | BL7: -0.0024247331 | BM7: -0.0030133048 | BN7: -0.0052618697 | BO7: -0.0022276742 | BP7: -0.0036007321 | BQ7: -0.045267759 | BR7: -0.01513494 | BS7: -0.10619916 | BT7: -0.024681195 | BU7: -0.017213752 | BV7: -0.026617741 | BW7: -0.0099151683 | BX7: -0.024554464 | BY7: 0 | BZ7: -0.003141904 | CA7: -0.015837684 | CB7: -0.02333952 | CC7: -0.012600202 | CD7: -0.026947269 | CE7: -0.0033586158 | CF7: -0.042277533 | CG7: -0.032901871 | CH7: -0.0034682685 | CI7: -0.0078264545 | CJ7: 0 | CK7: 0 | CL7: -0.018014635 | CM7: -0.00088118901 | CN7: -0.0070950126 | CO7: -0.02740845 | CP7: -0.05413512 | CQ7: -0.0049105631 | CR7: -0.017513945 | CS7: -0.011984947 | CT7: -0.031781917 | CU7: -0.017168199 | CV7: -0.0091539016 | CW7: -0.0020038886 | CX7: -0.00055647947 | CY7: 0 | CZ7: -0.023451637 | DA7: -0.024852695 | DB7: -0.35718923 | DC7: -0.10190498 | DD7: -0.015047837 | DE7: -0.067109382 | DF7: -0.01202326 | DG7: -0.094002523 | DH7: -0.00042181807 | DI7: -0.02536151 | DJ7: -0.062927685 | DK7: -0.01151813 | DL7: -0.0071474435 | DM7: -0.009555458 | DN7: -0.029815835 | DO7: -0.05859194 | DP7: -0.089065274 | DQ7: -0.057972702 | DR7: 20.800267
A8: Ss | B8: 113.17508 | C8: 82.591737 | D8: 61.22795 | E8: 32.117143 | F8: 4.2052296 | G8: 162.53061 | H8: 165.59384 | I8: 182.40329 | J8: 186.63557 | K8: 130.96236 | L8: 95.353152 | M8: 58.819447 | N8: 27.65936 | O8: 0.93426739 | P8: 14.145542 | Q8: 16.559087 | R8: 0.52786051 | S8: 16.784248 | T8: 31.501915 | U8: 150.30015 | V8: 189.71779 | W8: 140.85673 | X8: 115.01269 | Y8: 80.501718 | Z8: 55.018994 | AA8: 32.205353 | AB8: 14.411784 | AC8: 15.146325 | AD8: 10.843348 | AE8: 7.979229 | AF8: 94.603183 | AG8: 181.44489 | AH8: 175.79676 | AI8: 143.40339 | AJ8: 105.17043 | AK8: 64.457398 | AL8: 41.117576 | AM8: 15.889409 | AN8: 10.612493 | AO8: 4.2771462 | AP8: 0.048262462 | AQ8: 0.34474058 | AR8: 15.907456 | AS8: 101.73636 | AT8: 169.59227 | AU8: 127.48901 | AV8: 93.407922 | AW8: 53.752624 | AX8: 22.359121 | AY8: 0.21229401 | AZ8: 0.21013448 | BA8: 13.555534 | BB8: 32.746006 | BC8: 47.668116 | BD8: 56.472303 | BE8: 64.908942 | BF8: 201.79822 | BG8: 218.92119 | BH8: 162.39048 | BI8: 112.77042 | BJ8: 66.455205 | BK8: 35.597144 | BL8: 11.465114 | BM8: 0.13532804 | BN8: 1.3885857 | BO8: 21.388474 | BP8: 28.269613 | BQ8: 39.503352 | BR8: 189.45056 | BS8: 148.58055 | BT8: 108.87339 | BU8: 67.570628 | BV8: 34.026632 | BW8: 8.6392354 | BX8: 0.027662674 | BY8: 0.19724998 | BZ8: 5.5432831 | CA8: 23.518129 | CB8: 42.810053 | CC8: 189.17324 | CD8: 204.05756 | CE8: 157.20895 | CF8: 119.10455 | CG8: 73.870397 | CH8: 38.823565 | CI8: 10.219473 | CJ8: 2.5514182 | CK8: 16.135589 | CL8: 22.910764 | CM8: 93.606353 | CN8: 144.28891 | CO8: 209.94352 | CP8: 192.84891 | CQ8: 175.01502 | CR8: 127.64143 | CS8: 81.136328 | CT8: 53.848207 | CU8: 29.048509 | CV8: 18.178807 | CW8: 24.859238 | CX8: 14.182378 | CY8: 28.321831 | CZ8: 71.378953 | DA8: 186.08933 | DB8: 200.29199 | DC8: 153.12342 | DD8: 118.71287 | DE8: 69.777886 | DF8: 35.803209 | DG8: 18.047384 | DH8: 8.5078205 | DI8: 40.259609 | DJ8: 34.291376 | DK8: 82.959514 | DL8: 44.594872 | DM8: 198.02756 | DN8: 191.08681 | DO8: 128.37955 | DP8: 81.879773 | DQ8: 41.176518 | DR8: 5.0662124
A9: As | B9: 15.63353 | C9: 12.390983 | D9: 10.014944 | E9: 6.6303621 | F9: 3.2260084 | G9: 20.471824 | H9: 20.756054 | I9: 22.282357 | J9: 22.657744 | K9: 17.433358 | L9: 13.766734 | M9: 9.7413499 | N9: 6.0971116 | O9: 2.8168567 | P9: 4.4562704 | Q9: 4.752001 | R9: 2.7658714 | S9: 4.7795304 | T9: 6.5570035 | U9: 19.318286 | V9: 22.928871 | W9: 18.407143 | X9: 15.822402 | Y9: 12.162563 | Z9: 9.3072766 | AA9: 6.6408739 | AB9: 4.4889501 | AC9: 4.5790373 | AD9: 4.0497666 | AE9: 3.6954244 | AF9: 13.686784 | AG9: 22.196853 | AH9: 21.689223 | AI9: 18.654613 | AJ9: 14.802924 | AK9: 10.379974 | AL9: 7.6949021 | AM9: 4.6700625 | AN9: 4.0212666 | AO9: 3.2349802 | AP9: 2.7056615 | AQ9: 2.7428875 | AR9: 4.6722718 | AS9: 14.442658 | AT9: 21.124235 | AU9: 17.086875 | AV9: 13.559131 | AW9: 9.1619952 | AX9: 5.4579126 | AY9: 2.7262596 | AZ9: 2.7259885 | BA9: 4.3837998 | BB9: 6.7052683 | BC9: 8.4594905 | BD9: 9.4736092 | BE9: 10.430846 | BF9: 23.973204 | BG9: 25.403453 | BH9: 20.458777 | BI9: 15.591848 | BJ9: 10.604744 | BK9: 7.0438856 | BL9: 4.1264735 | BM9: 2.7165954 | BN9: 2.8738135 | BO9: 5.3402456 | BP9: 6.1703463 | BQ9: 7.5051695 | BR9: 22.905438 | BS9: 19.153699 | BT9: 15.188757 | BU9: 10.729892 | BV9: 6.8575638 | BW9: 3.7772243 | BX9: 2.7030744 | BY9: 2.7243707 | BZ9: 3.3927636 | CA9: 5.5981668 | CB9: 7.8932726 | CC9: 22.881108 | CD9: 24.165281 | CE9: 19.973578 | CF9: 16.240542 | CG9: 11.432038 | CH9: 7.4251129 | CI9: 3.9727221 | CJ9: 3.0194072 | CK9: 4.7001942 | CL9: 5.5247017 | CM9: 13.580343 | CN9: 18.740358 | CO9: 24.660878 | CP9: 23.202353 | CQ9: 21.61846 | CR9: 17.10213 | CS9: 12.232012 | CT9: 9.1729719 | CU9: 6.2637111 | CV9: 4.9498112 | CW9: 5.7601222 | CX9: 4.4607927 | CY9: 6.1766094 | CZ9: 11.155301 | DA9: 22.609496 | DB9: 23.844586 | DC9: 19.587223 | DD9: 16.200662 | DE9: 10.976807 | DF9: 7.0682961 | DG9: 4.9337807 | DH9: 3.760944 | DI9: 7.5941233 | DJ9: 6.889007 | DK9: 12.431087 | DL9: 8.1018457 | DM9: 23.65037 | DN9: 23.048686 | DO9: 17.17594 | DP9: 12.31327 | DQ9: 7.7018201 | DR9: 3.3333496
A10: Es | B10: 3.2046031 | C10: 1.2536116 | D10: 0.72240628 | E10: 0.052731582 | F10: 0 | G10: 0 | H10: 1.1814044 | I10: 3.990681 | J10: 6.4486539 | K10: 6.0387779 | L10: 4.4300985 | M10: 2.3773531 | N10: 0.90521349 | O10: 0.25274117 | P10: 0.013812407 | Q10: 0 | R10: 0 | S10: 0 | T10: 0.062100692 | U10: 3.4917275 | V10: 5.6754347 | W10: 5.72318 | X10: 4.6552991 | Y10: 3.2172555 | Z10: 1.5812591 | AA10: 0.61269677 | AB10: 0.18906753 | AC10: 0 | AD10: 0 | AE10: 0 | AF10: 2.7953353 | AG10: 5.6964126 | AH10: 7.1348073 | AI10: 6.4455945 | AJ10: 5.3752894 | AK10: 2.73021 | AL10: 1.3094498 | AM10: 0.33200877 | AN10: 0.13387775 | AO10: 0 | AP10: 0 | AQ10: 0 | AR10: 0.6881375 | AS10: 3.5460193 | AT10: 5.9915022 | AU10: 6.2977545 | AV10: 3.6728701 | AW10: 3.2865552 | AX10: 0.80041205 | AY10: 0.21291029 | AZ10: 0.089938822 | BA10: 0.17354392 | BB10: 0 | BC10: 0.81505939 | BD10: 1.0549361 | BE10: 2.9295048 | BF10: 8.1718366 | BG10: 10.165363 | BH10: 8.0645248 | BI10: 4.8935236 | BJ10: 2.0428289 | BK10: 0.43508548 | BL10: 0.035926115 | BM10: 0.079104279 | BN10: 0 | BO10: 0 | BP10: 0.64343303 | BQ10: 2.7932143 | BR10: 6.9481695 | BS10: 6.3361831 | BT10: 5.3522009 | BU10: 2.7225382 | BV10: 1.4293156 | BW10: 0.41927529 | BX10: 0.20895662 | BY10: 0.084416453 | BZ10: 0 | CA10: 0.28804223 | CB10: 1.6541229 | CC10: 3.3050088 | CD10: 6.1198528 | CE10: 6.7032338 | CF10: 5.4584164 | CG10: 3.2396587 | CH10: 1.1175577 | CI10: 0.3195403 | CJ10: 0.15439203 | CK10: 0 | CL10: 0 | CM10: 0 | CN10: 3.582772 | CO10: 4.0731609 | CP10: 6.2637087 | CQ10: 7.4711381 | CR10: 5.6585563 | CS10: 4.1761126 | CT10: 2.4312776 | CU10: 0.70476984 | CV10: 0.3373629 | CW10: 0 | CX10: 0 | CY10: 0 | CZ10: 2.2335413 | DA10: 4.789416 | DB10: 6.6732975 | DC10: 7.7230257 | DD10: 5.2493281 | DE10: 3.1091714 | DF10: 1.2818218 | DG10: 0.45082146 | DH10: 0 | DI10: 0 | DJ10: 0 | DK10: 0 | DL10: 1.6685789 | DM10: 5.5992168 | DN10: 7.0594221 | DO10: 5.5026868 | DP10: 3.6057186 | DQ10: 1.6205148 | DR10: #N/A
A11: Sg | B11: 7536 | C11: 7501.9233 | D11: 7479.2285 | E11: 7470.9307 | F11: 7472.0147 | G11: 7476.0418 | H11: 7485.8482 | I11: 7498.7335 | J11: 7519.5104 | K11: 7488.1564 | L11: 7375.5524 | M11: 7247.0374 | N11: 7186.2244 | O11: 7152.3132 | P11: 7164.89 | Q11: 7147.3145 | R11: 7152.4784 | S11: 7157.0685 | T11: 7174.471 | U11: 7203.4038 | V11: 7231.4155 | W11: 7218.2338 | X11: 7102.3153 | Y11: 6980.1701 | Z11: 6921.5989 | AA11: 6885.2445 | AB11: 6860.3203 | AC11: 6848.8801 | AD11: 6823.9349 | AE11: 6811.8231 | AF11: 6831.2276 | AG11: 6853.5998 | AH11: 6800.9162 | AI11: 6713.4869 | AJ11: 6595.2493 | AK11: 6477.5999 | AL11: 6417.7551 | AM11: 6385.8495 | AN11: 6367.8546 | AO11: 6350.4784 | AP11: 6325.5881 | AQ11: 6323.7622 | AR11: 6344.9124 | AS11: 6369.712 | AT11: 6393.6529 | AU11: 6336.3084 | AV11: 6218.1878 | AW11: 6102.207 | AX11: 6044.5997 | AY11: 6008.3297 | AZ11: 6021.8246 | BA11: 6031.2316 | BB11: 6046.4938 | BC11: 6062.5148 | BD11: 6086.2077 | BE11: 6114.6718 | BF11: 6142.7884 | BG11: 6150.4145 | BH11: 6052.1257 | BI11: 5939.5255 | BJ11: 5888.584 | BK11: 5850.8879 | BL11: 5833.6507 | BM11: 5819.2251 | BN11: 5803.2281 | BO11: 5807.5859 | BP11: 5832.2336 | BQ11: 5858.1019 | BR11: 5896.9846 | BS11: 5850.7139 | BT11: 5734.9989 | BU11: 5609.4492 | BV11: 5557.9793 | BW11: 5522.6422 | BX11: 5510.0674 | BY11: 5502.07 | BZ11: 5493.6102 | CA11: 5501.5515 | CB11: 5518.0416 | CC11: 5546.1582 | CD11: 5572.4489 | CE11: 5543.5862 | CF11: 5431.2094 | CG11: 5312.0807 | CH11: 5251.5491 | CI11: 5215.0585 | CJ11: 5209.6345 | CK11: 5214.436 | CL11: 5220.8018 | CM11: 5234.8372 | CN11: 5251.6569 | CO11: 5272.5396 | CP11: 5280.6086 | CQ11: 5193.3849 | CR11: 5088.4234 | CS11: 4971.7918 | CT11: 4911.424 | CU11: 4872.1894 | CV11: 4850.7273 | CW11: 4865.4446 | CX11: 4868.6737 | CY11: 4879.7143 | CZ11: 4903.9904 | DA11: 4929.0209 | DB11: 4953.89 | DC11: 4882.4287 | DD11: 4764.3937 | DE11: 4648.608 | DF11: 4594.8149 | DG11: 4560.7747 | DH11: 4547.7043 | DI11: 4563.2833 | DJ11: 4575.4428 | DK11: 4585.0029 | DL11: 4603.2303 | DM11: 4628.4289 | DN11: 4662.1134 | DO11: 4621.1727 | DP11: 4505.2846 | DQ11: 4379.6703 | DR11: 4326.9301
A12: DeltaSg | B12: -34.076717 | C12: -22.694749 | D12: -8.2978291 | E12: 1.0840038 | F12: 4.0270466 | G12: 9.8064382 | H12: 12.885261 | I12: 20.776978 | J12: -31.353984 | K12: -112.60401 | L12: -128.51506 | M12: -60.812996 | N12: -33.91115 | O12: 12.576725 | P12: -17.575418 | Q12: 5.1638239 | R12: 4.5901682 | S12: 17.402491 | T12: 28.932764 | U12: 28.011716 | V12: -13.181746 | W12: -115.91846 | X12: -122.14516 | Y12: -58.571227 | Z12: -36.354385 | AA12: -24.924226 | AB12: -11.440216 | AC12: -24.945163 | AD12: -12.1118 | AE12: 19.40447 | AF12: 22.372225 | AG12: -52.683635 | AH12: -87.4293 | AI12: -118.23761 | AJ12: -117.64941 | AK12: -59.844799 | AL12: -31.905573 | AM12: -17.994839 | AN12: -17.376206 | AO12: -24.890312 | AP12: -1.8259649 | AQ12: 21.150243 | AR12: 24.79964 | AS12: 23.940856 | AT12: -57.344494 | AU12: -118.12065 | AV12: -115.98078 | AW12: -57.60732 | AX12: -36.269926 | AY12: 13.494892 | AZ12: 9.4069885 | BA12: 15.262231 | BB12: 16.020956 | BC12: 23.692909 | BD12: 28.464103 | BE12: 28.116623 | BF12: 7.6260693 | BG12: -98.288774 | BH12: -112.60027 | BI12: -50.941417 | BJ12: -37.696146 | BK12: -17.237148 | BL12: -14.425632 | BM12: -15.996965 | BN12: 4.3577928 | BO12: 24.647658 | BP12: 25.868343 | BQ12: 38.882627 | BR12: -46.270716 | BS12: -115.71491 | BT12: -125.54976 | BU12: -51.469841 | BV12: -35.337191 | BW12: -12.574781 | BX12: -7.9974065 | BY12: -8.4597743 | BZ12: 7.9413435 | CA12: 16.490096 | CB12: 28.116543 | CC12: 26.290749 | CD12: -28.862705 | CE12: -112.3768 | CF12: -119.12869 | CG12: -60.531589 | CH12: -36.490588 | CI12: -5.4240174 | CJ12: 4.8014794 | CK12: 6.3658245 | CL12: 14.035411 | CM12: 16.819632 | CN12: 20.88268 | CO12: 8.0690146 | CP12: -87.223675 | CQ12: -104.96149 | CR12: -116.63161 | CS12: -60.367787 | CT12: -39.234619 | CU12: -21.462126 | CV12: 14.717312 | CW12: 3.2291144 | CX12: 11.040622 | CY12: 24.276079 | CZ12: 25.030514 | DA12: 24.869079 | DB12: -71.461293 | DC12: -118.03502 | DD12: -115.78567 | DE12: -53.793064 | DF12: -34.040273 | DG12: -13.070348 | DH12: 15.578964 | DI12: 12.159486 | DJ12: 9.5601031 | DK12: 18.227392 | DL12: 25.198692 | DM12: 33.684475 | DN12: -40.940745 | DO12: -115.88811 | DP12: -125.61421 | DQ12: -52.740246 | DR12: 277.71832
A13: dhg | B13: -1.3565838 | C13: -0.9034711 | D13: -0.33033408 | E13: 0.043153865 | F13: 0.16031551 | G13: 0.39039135 | H13: 0.51295837 | I13: 0.82712523 | J13: -1.2481927 | K13: -4.4827317 | L13: -5.1161459 | M13: -2.4209471 | N13: -1.3499927 | O13: 0.50067565 | P13: -0.69967208 | Q13: 0.20557027 | R13: 0.18273321 | S13: 0.69278792 | T13: 1.1518046 | U13: 1.115138 | V13: -0.52476136 | W13: -4.6146791 | X13: -4.862562 | Y13: -2.3317029 | Z13: -1.4472571 | AA13: -0.99222591 | AB13: -0.45543156 | AC13: -0.99305941 | AD13: -0.48216713 | AE13: 0.77248609 | AF13: 0.89063152 | AG13: -2.0973196 | AH13: -3.4805341 | AI13: -4.7070037 | AJ13: -4.6835875 | AK13: -2.3824034 | AL13: -1.2701513 | AM13: -0.71636911 | AN13: -0.69174154 | AO13: -0.99087582 | AP13: -0.072691111 | AQ13: 0.84198482 | AR13: 0.98726619 | AS13: 0.95307828 | AT13: -2.282867 | AU13: -4.7023476 | AV13: -4.6171599 | AW13: -2.2933301 | AX13: -1.4438948 | AY13: 0.5372276 | AZ13: 0.37448938 | BA13: 0.60758482 | BB13: 0.63778944 | BC13: 0.94320756 | BD13: 1.1331474 | BE13: 1.1193143 | BF13: 0.30359152 | BG13: -3.9128465 | BH13: -4.4825829 | BI13: -2.0279625 | BJ13: -1.5006722 | BK13: -0.68620565 | BL13: -0.57428008 | BM13: -0.63683435 | BN13: 0.17348242 | BO13: 0.98121585 | BP13: 1.029811 | BQ13: 1.5479057 | BR13: -1.8420233 | BS13: -4.6065759 | BT13: -4.9980981 | BU13: -2.0489989 | BV13: -1.4067629 | BW13: -0.50059826 | BX13: -0.31837434 | BY13: -0.33678107 | BZ13: 0.31614249 | CA13: 0.65646575 | CB13: 1.1193111 | CC13: 1.0466268 | CD13: -1.1490156 | CE13: -4.4736868 | CF13: -4.7424771 | CG13: -2.4097443 | CH13: -1.4526793 | CI13: -0.2159285 | CJ13: 0.19114545 | CK13: 0.25342156 | CL13: 0.5587455 | CM13: 0.66958447 | CN13: 0.83133319 | CO13: 0.32122504 | CP13: -3.4723483 | CQ13: -4.1784853 | CR13: -4.6430693 | CS13: -2.4032234 | CT13: -1.5619184 | CU13: -0.85440079 | CV13: 0.58589175 | CW13: 0.12855007 | CX13: 0.43952384 | CY13: 0.96642339 | CZ13: 0.99645722 | DA13: 0.99003053 | DB13: -2.8448526 | DC13: -4.6989387 | DD13: -4.6093928 | DE13: -2.1414857 | DF13: -1.355133 | DG13: -0.5203266 | DH13: 0.62019388 | DI13: 0.48406547 | DJ13: 0.38058482 | DK13: 0.725627 | DL13: 1.0031524 | DM13: 1.3409688 | DN13: -1.6298387 | DO13: -4.6134709 | DP13: -5.0006641 | DQ13: -2.0995733 | DR13: #N/A
A14: hg | B14: 298 | C14: 296.64342 | D14: 295.73995 | E14: 295.40961 | F14: 295.45276 | G14: 295.61308 | H14: 296.00347 | I14: 296.51643 | J14: 297.34356 | K14: 296.09536 | L14: 291.61263 | M14: 286.49648 | N14: 284.07554 | O14: 282.72555 | P14: 283.22622 | Q14: 282.52655 | R14: 282.73212 | S14: 282.91485 | T14: 283.60764 | U14: 284.75944 | V14: 285.87458 | W14: 285.34982 | X14: 280.73514 | Y14: 275.87258 | Z14: 273.54088 | AA14: 272.09362 | AB14: 271.10139 | AC14: 270.64596 | AD14: 269.6529 | AE14: 269.17074 | AF14: 269.94322 | AG14: 270.83385 | AH14: 268.73653 | AI14: 265.256 | AJ14: 260.549 | AK14: 255.86541 | AL14: 253.48301 | AM14: 252.21285 | AN14: 251.49649 | AO14: 250.80474 | AP14: 249.81387 | AQ14: 249.74118 | AR14: 250.58316 | AS14: 251.57043 | AT14: 252.52351 | AU14: 250.24064 | AV14: 245.53829 | AW14: 240.92113 | AX14: 238.6278 | AY14: 237.18391 | AZ14: 237.72113 | BA14: 238.09562 | BB14: 238.70321 | BC14: 239.341 | BD14: 240.28421 | BE14: 241.41735 | BF14: 242.53667 | BG14: 242.84026 | BH14: 238.92741 | BI14: 234.44483 | BJ14: 232.41687 | BK14: 230.91619 | BL14: 230.22999 | BM14: 229.65571 | BN14: 229.01887 | BO14: 229.19236 | BP14: 230.17357 | BQ14: 231.20338 | BR14: 232.75129 | BS14: 230.90927 | BT14: 226.30269 | BU14: 221.30459 | BV14: 219.25559 | BW14: 217.84883 | BX14: 217.34823 | BY14: 217.02986 | BZ14: 216.69308 | CA14: 217.00922 | CB14: 217.66568 | CC14: 218.785 | CD14: 219.83162 | CE14: 218.68261 | CF14: 214.20892 | CG14: 209.46644 | CH14: 207.0567 | CI14: 205.60402 | CJ14: 205.38809 | CK14: 205.57924 | CL14: 205.83266 | CM14: 206.3914 | CN14: 207.06099 | CO14: 207.89232 | CP14: 208.21355 | CQ14: 204.7412 | CR14: 200.56271 | CS14: 195.91964 | CT14: 193.51642 | CU14: 191.9545 | CV14: 191.1001 | CW14: 191.68599 | CX14: 191.81454 | CY14: 192.25407 | CZ14: 193.22049 | DA14: 194.21695 | DB14: 195.20698 | DC14: 192.36213 | DD14: 187.66319 | DE14: 183.05379 | DF14: 180.91231 | DG14: 179.55717 | DH14: 179.03685 | DI14: 179.65704 | DJ14: 180.14111 | DK14: 180.52169 | DL14: 181.24732 | DM14: 182.25047 | DN14: 183.59144 | DO14: 181.9616 | DP14: 177.34813 | DQ14: 172.34747 | DR14: 170.24789
A15: hriv | B15: 0.1721833 | C15: 0.15883385 | D15: 0.17351495 | E15: 0.15881547 | F15: 0.6474914 | G15: 0.837189 | H15: 0.64869713 | I15: 0.49279836 | J15: 0.16813989 | K15: 0.15694769 | L15: 0.15270602 | M15: 0.16700655 | N15: 0.17096213 | O15: 0.14926916 | P15: 0.18063912 | Q15: 0.16703082 | R15: 0.21085464 | S15: 0.30998921 | T15: 0.75145074 | U15: 0.71473944 | V15: 0.15674914 | W15: 0.1520155 | X15: 0.15055998 | Y15: 0.14602166 | Z15: 0.1573661 | AA15: 0.15907428 | AB15: 0.15098357 | AC15: 0.15777576 | AD15: 0.17474821 | AE15: 0.31904893 | AF15: 0.29395712 | AG15: 0.16232728 | AH15: 0.1555103 | AI15: 0.15254355 | AJ15: 0.14598854 | AK15: 0.14614256 | AL15: 0.14590424 | AM15: 0.15359517 | AN15: 0.1598493 | AO15: 0.14942087 | AP15: 0.17172182 | AQ15: 0.22425612 | AR15: 0.29684253 | AS15: 0.2223239 | AT15: 0.17253465 | AU15: 0.14880368 | AV15: 0.15800331 | AW15: 0.15524438 | AX15: 0.15405718 | AY15: 0.17833793 | AZ15: 0.16627505 | BA15: 0.20530685 | BB15: 0.30910584 | BC15: 0.89507643 | BD15: 1.3539075 | BE15: 1.4013565 | BF15: 0.87828218 | BG15: 0.16401837 | BH15: 0.15336478 | BI15: 0.17253465 | BJ15: 0.17608432 | BK15: 0.17211281 | BL15: 0.16511472 | BM15: 0.15992296 | BN15: 0.16778737 | BO15: 0.5045003 | BP15: 0.52920242 | BQ15: 0.59179093 | BR15: 0.16519214 | BS15: 0.16631519 | BT15: 0.16218203 | BU15: 0.17253465 | BV15: 0.15100107 | BW15: 0.16274507 | BX15: 0.16538615 | BY15: 0.1627096 | BZ15: 0.19231182 | CA15: 0.31692582 | CB15: 1.4843505 | CC15: 1.1093341 | CD15: 0.16162568 | CE15: 0.17253465 | CF15: 0.17253465 | CG15: 0.17253465 | CH15: 0.16811598 | CI15: 0.17071536 | CJ15: 0.15761996 | CK15: 0.15313664 | CL15: 0.4430455 | CM15: 0.43553093 | CN15: 0.42400455 | CO15: 0.16924078 | CP15: 0.1532478 | CQ15: 0.17253465 | CR15: 0.14724744 | CS15: 0.14745797 | CT15: 0.15657466 | CU15: 0.15472873 | CV15: 0.15589965 | CW15: 0.16652971 | CX15: 0.23781765 | CY15: 0.45131699 | CZ15: 0.40503258 | DA15: 0.28856002 | DB15: 0.17091366 | DC15: 0.14644616 | DD15: 0.17253465 | DE15: 0.17007043 | DF15: 0.14496004 | DG15: 0.16946329 | DH15: 0.26466701 | DI15: 0.24406874 | DJ15: 0.35185289 | DK15: 0.3849636 | DL15: 0.32980343 | DM15: 0.28957416 | DN15: 0.15372501 | DO15: 0.17253465 | DP15: 0.16746504 | DQ15: 0.1648933 | DR15: #N/A
A16: qinriv1 | B16: 8.6831692 | C16: 6.9694971 | D16: 8.8384336 | E16: 6.9410497 | F16: 72.545088 | G16: 100.57025 | H16: 72.747327 | I16: 50.874278 | J16: 8.1759769 | K16: 6.7584275 | L16: 6.2221282 | M16: 8.0322709 | N16: 8.499889 | O16: 5.5920466 | P16: 9.7603945 | Q16: 8.0150312 | R16: 13.561078 | S16: 26.409536 | T16: 87.665594 | U16: 82.349788 | V16: 6.7248862 | W16: 6.1348698 | X16: 5.9488788 | Y16: 5.3752066 | Z16: 6.8070037 | AA16: 7.0274971 | AB16: 5.9834511 | AC16: 6.8631857 | AD16: 8.9493283 | AE16: 27.597534 | AF16: 24.360535 | AG16: 7.4224831 | AH16: 6.5738244 | AI16: 6.1973835 | AJ16: 5.3738358 | AK16: 5.3686945 | AL16: 5.3399792 | AM16: 6.1937411 | AN16: 7.1241392 | AO16: 5.805665 | AP16: 8.5962978 | AQ16: 15.324347 | AR16: 24.717041 | AS16: 15.050402 | AT16: 8.7300613 | AU16: 5.7291808 | AV16: 6.8919753 | AW16: 6.5387935 | AX16: 6.3675126 | AY16: 9.3647868 | AZ16: 7.9126908 | BA16: 12.878697 | BB16: 26.254857 | BC16: 109.42005 | BD16: 186.83864 | BE16: 195.72872 | BF16: 106.88085 | BG16: 7.6535512 | BH16: 6.3053851 | BI16: 8.7335723 | BJ16: 9.1843486 | BK16: 8.675673 | BL16: 7.7895703 | BM16: 7.0623535 | BN16: 8.121841 | BO16: 52.487197 | BP16: 55.939615 | BQ16: 64.588305 | BR16: 7.7994745 | BS16: 7.9446266 | BT16: 7.420238 | BU16: 8.7314657 | BV16: 5.997271 | BW16: 7.4407332 | BX16: 7.8246939 | BY16: 7.4688921 | BZ16: 11.246086 | CA16: 27.320974 | CB16: 211.90005 | CC16: 143.81682 | CD16: 7.3420593 | CE16: 8.7293591 | CF16: 8.7335723 | CG16: 8.7272526 | CH16: 8.1656893 | CI16: 8.373523 | CJ16: 6.7774451 | CK16: 6.2424477 | CL16: 44.156643 | CM16: 43.124939 | CN16: 41.594204 | CO16: 8.2973462 | CP16: 6.2877912 | CQ16: 8.7335723 | CR16: 5.5327144 | CS16: 5.5480541 | CT16: 6.7083414 | CU16: 6.4117793 | CV16: 6.5620184 | CW16: 7.9667404 | CX16: 17.028124 | CY16: 45.22401 | CZ16: 39.039766 | DA16: 23.63243 | DB16: 8.5250327 | DC16: 5.4259667 | DD16: 8.7314657 | DE16: 8.4208503 | DF16: 5.1228938 | DG16: 8.28433 | DH16: 20.471732 | DI16: 17.884966 | DJ16: 31.933473 | DK16: 36.357399 | DL16: 29.022454 | DM16: 23.755562 | DN16: 6.3509189 | DO16: 8.7335723 | DP16: 8.0904034 | DQ16: 7.7644129 | DR16: #N/A
A17: qlriv1 | B17: 0.0058047645 | C17: 0.027572632 | D17: 0.01959108 | E17: 0.053694072 | F17: 0.11029053 | G17: 0.034528341 | H17: 0.080751765 | I17: 0.099008685 | J17: 0 | K17: 0 | L17: 0 | M17: 0 | N17: 0.034102992 | O17: 0.1959108 | P17: 0.0029023823 | Q17: 0.020316676 | R17: 0.058047645 | S17: 0.051792511 | T17: 0.10673277 | U17: 0.030896327 | V17: 0.0084262711 | W17: 0 | X17: 0.0021065678 | Y17: 0.002808757 | Z17: 0.0043535734 | AA17: 0 | AB17: 0.021042271 | AC17: 0 | AD17: 0.065303601 | AE17: 0.052543127 | AF17: 0.0035109463 | AG17: 0.016852542 | AH17: 0.002808757 | AI17: 0.0042131356 | AJ17: 0 | AK17: 0.024576624 | AL17: 0.023219058 | AM17: 0.14076554 | AN17: 0.0014511911 | AO17: 0.0014511911 | AP17: 0.034102992 | AQ17: 0.01351109 | AR17: 0.023874435 | AS17: 0.039322598 | AT17: 0.0035109463 | AU17: 0 | AV17: 0 | AW17: 0.0042131356 | AX17: 0.025395845 | AY17: 0.10593695 | AZ17: 0.026847036 | BA17: 0.030475014 | BB17: 0.090699446 | BC17: 0.050291279 | BD17: 0.06670798 | BE17: 0.094093361 | BF17: 0 | BG17: 0 | BH17: 0 | BI17: 0 | BJ17: 0 | BK17: 0.0043535734 | BL17: 0.0029023823 | BM17: 0.072559557 | BN17: 0.0094327424 | BO17: 0.094577629 | BP17: 0.054068573 | BQ17: 0.15307726 | BR17: 0.002808757 | BS17: 0 | BT17: 0.00070218926 | BU17: 0.0021065678 | BV17: 0.0094327424 | BW17: 0.051517285 | BX17: 0.0021767867 | BY17: 0.018865485 | BZ17: 0.0036279778 | CA17: 0.050291279 | CB17: 0.051962005 | CC17: 0.063899223 | CD17: 0.0084262711 | CE17: 0.0042131356 | CF17: 0 | CG17: 0.0063197033 | CH17: 0.0072559557 | CI17: 0.12915601 | CJ17: 0.066029197 | CK17: 0.034102992 | CL17: 0.032651801 | CM17: 0.047288815 | CN17: 0.021767867 | CO17: 0.018256921 | CP17: 0.002808757 | CQ17: 0 | CR17: 0 | CS17: 0.011235028 | CT17: 0.0029023823 | CU17: 0.066029197 | CV17: 0.06385241 | CW17: 0.005079169 | CX17: 0.054419668 | CY17: 0.087071468 | CZ17: 0.024576624 | DA17: 0.027385381 | DB17: 0.002808757 | DC17: 0.0056175141 | DD17: 0.0021065678 | DE17: 0 | DF17: 0.12117446 | DG17: 0.059498836 | DH17: 0.081266704 | DI17: 0.0036279778 | DJ17: 0.042810138 | DK17: 0.021017251 | DL17: 0.042131356 | DM17: 0.036513841 | DN17: 0 | DO17: 0 | DP17: 0 | DQ17: 0 | DR17: #N/A
A18: qoutriv1 | B18: 8.688974 | C18: 6.9970698 | D18: 8.8580247 | E18: 6.9947438 | F18: 72.655379 | G18: 100.60478 | H18: 72.828079 | I18: 50.973287 | J18: 8.1759769 | K18: 6.7584275 | L18: 6.2221282 | M18: 8.0322709 | N18: 8.533992 | O18: 5.7879574 | P18: 9.7632968 | Q18: 8.0353479 | R18: 13.619125 | S18: 26.461328 | T18: 87.772327 | U18: 82.380685 | V18: 6.7333125 | W18: 6.1348698 | X18: 5.9509854 | Y18: 5.3780153 | Z18: 6.8113573 | AA18: 7.0274971 | AB18: 6.0044934 | AC18: 6.8631857 | AD18: 9.0146319 | AE18: 27.650077 | AF18: 24.364046 | AG18: 7.4393356 | AH18: 6.5766332 | AI18: 6.2015966 | AJ18: 5.3738358 | AK18: 5.3932711 | AL18: 5.3631982 | AM18: 6.3345066 | AN18: 7.1255904 | AO18: 5.8071162 | AP18: 8.6304008 | AQ18: 15.337858 | AR18: 24.740915 | AS18: 15.089725 | AT18: 8.7335723 | AU18: 5.7291808 | AV18: 6.8919753 | AW18: 6.5430066 | AX18: 6.3929084 | AY18: 9.4707237 | AZ18: 7.9395379 | BA18: 12.909172 | BB18: 26.345557 | BC18: 109.47034 | BD18: 186.90535 | BE18: 195.82281 | BF18: 106.88085 | BG18: 7.6535512 | BH18: 6.3053851 | BI18: 8.7335723 | BJ18: 9.1843486 | BK18: 8.6800265 | BL18: 7.7924727 | BM18: 7.1349131 | BN18: 8.1312738 | BO18: 52.581775 | BP18: 55.993684 | BQ18: 64.741383 | BR18: 7.8022832 | BS18: 7.9446266 | BT18: 7.4209402 | BU18: 8.7335723 | BV18: 6.0067037 | BW18: 7.4922504 | BX18: 7.8268707 | BY18: 7.4877576 | BZ18: 11.249714 | CA18: 27.371266 | CB18: 211.95202 | CC18: 143.88072 | CD18: 7.3504855 | CE18: 8.7335723 | CF18: 8.7335723 | CG18: 8.7335723 | CH18: 8.1729453 | CI18: 8.502679 | CJ18: 6.8434743 | CK18: 6.2765506 | CL18: 44.189294 | CM18: 43.172227 | CN18: 41.615971 | CO18: 8.3156031 | CP18: 6.2906 | CQ18: 8.7335723 | CR18: 5.5327144 | CS18: 5.5592891 | CT18: 6.7112438 | CU18: 6.4778085 | CV18: 6.6258708 | CW18: 7.9718196 | CX18: 17.082543 | CY18: 45.311081 | CZ18: 39.064342 | DA18: 23.659816 | DB18: 8.5278414 | DC18: 5.4315843 | DD18: 8.7335723 | DE18: 8.4208503 | DF18: 5.2440682 | DG18: 8.3438288 | DH18: 20.552999 | DI18: 17.888594 | DJ18: 31.976283 | DK18: 36.378416 | DL18: 29.064585 | DM18: 23.792075 | DN18: 6.3509189 | DO18: 8.7335723 | DP18: 8.0904034 | DQ18: 7.7644129 | DR18: #N/A
A19: qinriv2 | B19: 8.688974 | C19: 6.9970698 | D19: 8.8580247 | E19: 6.9947438 | F19: 72.655379 | G19: 100.60478 | H19: 72.828079 | I19: 50.973287 | J19: 8.1759769 | K19: 6.7584275 | L19: 6.2221282 | M19: 8.0322709 | N19: 8.533992 | O19: 5.7879574 | P19: 9.7632968 | Q19: 8.0353479 | R19: 13.619125 | S19: 26.461328 | T19: 87.772327 | U19: 82.380685 | V19: 6.7333125 | W19: 6.1348698 | X19: 5.9509854 | Y19: 5.3780153 | Z19: 6.8113573 | AA19: 7.0274971 | AB19: 6.0044934 | AC19: 6.8631857 | AD19: 9.0146319 | AE19: 27.650077 | AF19: 24.364046 | AG19: 7.4393356 | AH19: 6.5766332 | AI19: 6.2015966 | AJ19: 5.3738358 | AK19: 5.3932711 | AL19: 5.3631982 | AM19: 6.3345066 | AN19: 7.1255904 | AO19: 5.8071162 | AP19: 8.6304008 | AQ19: 15.337858 | AR19: 24.740915 | AS19: 15.089725 | AT19: 8.7335723 | AU19: 5.7291808 | AV19: 6.8919753 | AW19: 6.5430066 | AX19: 6.3929084 | AY19: 9.4707237 | AZ19: 7.9395379 | BA19: 12.909172 | BB19: 26.345557 | BC19: 109.47034 | BD19: 186.90535 | BE19: 195.82281 | BF19: 106.88085 | BG19: 7.6535512 | BH19: 6.3053851 | BI19: 8.7335723 | BJ19: 9.1843486 | BK19: 8.6800265 | BL19: 7.7924727 | BM19: 7.1349131 | BN19: 8.1312738 | BO19: 52.581775 | BP19: 55.993684 | BQ19: 64.741383 | BR19: 7.8022832 | BS19: 7.9446266 | BT19: 7.4209402 | BU19: 8.7335723 | BV19: 6.0067037 | BW19: 7.4922504 | BX19: 7.8268707 | BY19: 7.4877576 | BZ19: 11.249714 | CA19: 27.371266 | CB19: 211.95202 | CC19: 143.88072 | CD19: 7.3504855 | CE19: 8.7335723 | CF19: 8.7335723 | CG19: 8.7335723 | CH19: 8.1729453 | CI19: 8.502679 | CJ19: 6.8434743 | CK19: 6.2765506 | CL19: 44.189294 | CM19: 43.172227 | CN19: 41.615971 | CO19: 8.3156031 | CP19: 6.2906 | CQ19: 8.7335723 | CR19: 5.5327144 | CS19: 5.5592891 | CT19: 6.7112438 | CU19: 6.4778085 | CV19: 6.6258708 | CW19: 7.9718196 | CX19: 17.082543 | CY19: 45.311081 | CZ19: 39.064342 | DA19: 23.659816 | DB19: 8.5278414 | DC19: 5.4315843 | DD19: 8.7335723 | DE19: 8.4208503 | DF19: 5.2440682 | DG19: 8.3438288 | DH19: 20.552999 | DI19: 17.888594 | DJ19: 31.976283 | DK19: 36.378416 | DL19: 29.064585 | DM19: 23.792075 | DN19: 6.3509189 | DO19: 8.7335723 | DP19: 8.0904034 | DQ19: 7.7644129 | DR19: #N/A
A20: qlriv2 | B20: -1.6120366 | C20: 0.59307645 | D20: 0.70428332 | E20: 0.48533915 | F20: 1.8670087 | G20: 4.5318899 | H20: 1.3518344 | I20: -2.892484 | J20: 0.55507288 | K20: 1.7463085 | L20: 3.7305211 | M20: 0.18257701 | N20: -1.2783392 | O20: -0.52797296 | P20: -0.92629783 | Q20: -1.964222 | R20: -0.89469108 | S20: -2.2219436 | T20: -1.474948 | U20: -4.5369518 | V20: 0.94312033 | W20: 1.6849086 | X20: 0.62263808 | Y20: 0.19878318 | Z20: -0.75733633 | AA20: -0.72128805 | AB20: -0.88829701 | AC20: -0.7198917 | AD20: -2.0152706 | AE20: -1.5707272 | AF20: -3.4149031 | AG20: -0.94583835 | AH20: 0.93887926 | AI20: 1.6891134 | AJ20: 0.45602387 | AK20: 0.21960483 | AL20: -0.30410482 | AM20: -0.58303708 | AN20: -1.030193 | AO20: -0.71311 | AP20: -2.1788141 | AQ20: -4.3189893 | AR20: -1.9968775 | AS20: -5.4245823 | AT20: -0.24087804 | AU20: 1.5874349 | AV20: -1.2658329 | AW20: -0.1173481 | AX20: -0.30726814 | AY20: -3.8034375 | AZ20: -1.5423274 | BA20: -4.1772554 | BB20: -4.7895479 | BC20: -0.75566231 | BD20: -0.94819691 | BE20: -5.9623659 | BF20: -9.091932 | BG20: 1.6769575 | BH20: -0.17962517 | BI20: 0.17782813 | BJ20: -0.96309132 | BK20: -3.633281 | BL20: -0.91553827 | BM20: -0.65808504 | BN20: -1.5734303 | BO20: -1.8185114 | BP20: -1.4500749 | BQ20: -6.3665067 | BR20: 0.93215561 | BS20: 1.6769096 | BT20: 1.8655405 | BU20: -3.2615692 | BV20: -0.32055307 | BW20: -0.89089647 | BX20: -0.91599006 | BY20: -0.70587269 | BZ20: -3.0470107 | CA20: -1.8830257 | CB20: -3.4628551 | CC20: -5.8950911 | CD20: 0.94019165 | CE20: 0.41055833 | CF20: 0.42475437 | CG20: 0.18424914 | CH20: -0.33490537 | CI20: -1.5185376 | CJ20: -0.85028519 | CK20: -0.68474296 | CL20: -3.1191513 | CM20: -2.0579179 | CN20: -2.5664631 | CO20: -0.66542139 | CP20: 0.94114159 | CQ20: -2.7399796 | CR20: 1.8750632 | CS20: 0.20587694 | CT20: -0.33052598 | CU20: -1.0191204 | CV20: -0.85099228 | CW20: -2.4412682 | CX20: -2.168937 | CY20: -4.4059174 | CZ20: -2.3401452 | DA20: -7.5947841 | DB20: 0.93458535 | DC20: 1.6959161 | DD20: -0.59644735 | DE20: -2.4398952 | DF20: -0.21024186 | DG20: -0.67003187 | DH20: -1.9476759 | DI20: -3.4073323 | DJ20: -3.0687827 | DK20: -2.2093889 | DL20: -3.7967549 | DM20: -8.5724481 | DN20: -0.96251773 | DO20: 1.671721 | DP20: 1.8624211 | DQ20: 0.18398164 | DR20: #N/A
A21: qoutriv2 | B21: 7.0769373 | C21: 7.5901462 | D21: 9.562308 | E21: 7.4800829 | F21: 74.522387 | G21: 105.13667 | H21: 74.179913 | I21: 48.080803 | J21: 8.7310498 | K21: 8.5047359 | L21: 9.9526493 | M21: 8.2148479 | N21: 7.2556528 | O21: 5.2599844 | P21: 8.836999 | Q21: 6.0711259 | R21: 12.724434 | S21: 24.239385 | T21: 86.297379 | U21: 77.843733 | V21: 7.6764328 | W21: 7.8197784 | X21: 6.5736235 | Y21: 5.5767985 | Z21: 6.054021 | AA21: 6.306209 | AB21: 5.1161964 | AC21: 6.143294 | AD21: 6.9993614 | AE21: 26.07935 | AF21: 20.949143 | AG21: 6.4934973 | AH21: 7.5155124 | AI21: 7.89071 | AJ21: 5.8298597 | AK21: 5.6128759 | AL21: 5.0590934 | AM21: 5.7514695 | AN21: 6.0953974 | AO21: 5.0940062 | AP21: 6.4515867 | AQ21: 11.018869 | AR21: 22.744038 | AS21: 9.6651425 | AT21: 8.4926942 | AU21: 7.3166156 | AV21: 5.6261424 | AW21: 6.4256585 | AX21: 6.0856403 | AY21: 5.6672863 | AZ21: 6.3972105 | BA21: 8.731917 | BB21: 21.556009 | BC21: 108.71468 | BD21: 185.95716 | BE21: 189.86045 | BF21: 97.788917 | BG21: 9.3305087 | BH21: 6.1257599 | BI21: 8.9114004 | BJ21: 8.2212573 | BK21: 5.0467455 | BL21: 6.8769344 | BM21: 6.4768281 | BN21: 6.5578435 | BO21: 50.763264 | BP21: 54.543609 | BQ21: 58.374876 | BR21: 8.7344389 | BS21: 9.6215362 | BT21: 9.2864807 | BU21: 5.4720031 | BV21: 5.6861507 | BW21: 6.601354 | BX21: 6.9108806 | BY21: 6.7818849 | BZ21: 8.202703 | CA21: 25.48824 | CB21: 208.48916 | CC21: 137.98563 | CD21: 8.2906772 | CE21: 9.1441306 | CF21: 9.1583266 | CG21: 8.9178214 | CH21: 7.8380399 | CI21: 6.9841414 | CJ21: 5.9931891 | CK21: 5.5918077 | CL21: 41.070143 | CM21: 41.11431 | CN21: 39.049508 | CO21: 7.6501817 | CP21: 7.2317416 | CQ21: 5.9935927 | CR21: 7.4077777 | CS21: 5.765166 | CT21: 6.3807178 | CU21: 5.4586882 | CV21: 5.7748785 | CW21: 5.5305514 | CX21: 14.913606 | CY21: 40.905164 | CZ21: 36.724197 | DA21: 16.065032 | DB21: 9.4624268 | DC21: 7.1275003 | DD21: 8.1371249 | DE21: 5.9809551 | DF21: 5.0338264 | DG21: 7.673797 | DH21: 18.605323 | DI21: 14.481262 | DJ21: 28.9075 | DK21: 34.169027 | DL21: 25.26783 | DM21: 15.219627 | DN21: 5.3884011 | DO21: 10.405293 | DP21: 9.9528245 | DQ21: 7.9483945 | DR21: #N/A
A22: qraq | B22: -5.411901 | C22: -4.4832319 | D22: -3.848451 | E22: -3.6302314 | F22: -3.3222117 | G22: -3.3018979 | H22: -3.7021191 | I22: -4.1645455 | J22: -4.9608517 | K22: -4.1056293 | L22: -1.0093452 | M22: 1.4981987 | N22: 1.5009335 | O22: 1.4859357 | P22: 1.5076238 | Q22: 1.4982155 | R22: 1.5285139 | S22: 1.5970523 | T22: 1.9022647 | U22: 1.8768836 | V22: 1.4911071 | W22: 1.4878344 | X22: 1.4868281 | Y22: 1.4836904 | Z22: 1.4915336 | AA22: 1.4927146 | AB22: 1.4871209 | AC22: 1.4918168 | AD22: 1.5035511 | AE22: 1.6033159 | AF22: 1.5859683 | AG22: 1.4949636 | AH22: 1.4902506 | AI22: 1.4881995 | AJ22: 1.4836675 | AK22: 1.483774 | AL22: 1.4836093 | AM22: 1.4889265 | AN22: 1.4932504 | AO22: 1.4860405 | AP22: 1.5014587 | AQ22: 1.5377792 | AR22: 1.5879631 | AS22: 1.5364434 | AT22: 1.5020207 | AU22: 1.4856138 | AV22: 1.4919742 | AW22: 1.4900667 | AX22: 1.4892459 | AY22: 1.5060329 | AZ22: 1.497693 | BA22: 1.5246783 | BB22: 1.5964416 | BC22: 2.0015628 | BD22: 2.3187839 | BE22: 2.3515886 | BF22: 1.9899518 | BG22: 1.4961328 | BH22: 1.4887672 | BI22: 1.5020207 | BJ22: 1.5044748 | BK22: 1.501729 | BL22: 1.4968908 | BM22: 1.4933013 | BN22: 1.4987385 | BO22: 1.7315311 | BP22: 1.7486093 | BQ22: 1.791881 | BR22: 1.4969443 | BS22: 1.4977207 | BT22: 1.4948632 | BU22: 1.5020207 | BV22: 1.487133 | BW22: 1.4952525 | BX22: 1.4970784 | BY22: 1.4952279 | BZ22: 1.515694 | CA22: 1.6018481 | CB22: 2.408968 | CC22: 2.1496937 | CD22: 1.4944786 | CE22: 1.5020207 | CF22: 1.5020207 | CG22: 1.5020207 | CH22: 1.4989657 | CI22: 1.5007629 | CJ22: 1.4917091 | CK22: 1.4886095 | CL22: 1.6890432 | CM22: 1.6838478 | CN22: 1.6758789 | CO22: 1.4997434 | CP22: 1.4886864 | CQ22: 1.5020207 | CR22: 1.4845379 | CS22: 1.4846835 | CT22: 1.4909864 | CU22: 1.4897102 | CV22: 1.4905198 | CW22: 1.497869 | CX22: 1.5471552 | CY22: 1.6947618 | CZ22: 1.6627623 | DA22: 1.5822369 | DB22: 1.5009 | DC22: 1.4839839 | DD22: 1.5020207 | DE22: 1.500317 | DF22: 1.4829565 | DG22: 1.4998972 | DH22: 1.565718 | DI22: 1.551477 | DJ22: 1.6259955 | DK22: 1.6488872 | DL22: 1.6107513 | DM22: 1.582938 | DN22: 1.4890163 | DO22: 1.5020207 | DP22: 1.4985157 | DQ22: 1.4967377 | DR22: #N/A
A23: qraqv | B23: -14.027647 | C23: -11.620537 | D23: -9.9751849 | E23: -9.4095597 | F23: -8.6111727 | G23: -8.2732353 | H23: -9.9157559 | I23: -11.154319 | J23: -13.287145 | K23: -10.996518 | L23: -2.7034301 | M23: 4.0127754 | N23: 3.8904196 | O23: 3.8515452 | P23: 3.907761 | Q23: 3.8833746 | R23: 3.961908 | S23: 4.0015743 | T23: 5.0950257 | U23: 5.0270451 | V23: 3.9937812 | W23: 3.9850156 | X23: 3.9823204 | Y23: 3.9739165 | Z23: 3.8660551 | AA23: 3.8691162 | AB23: 3.8546175 | AC23: 3.8667893 | AD23: 3.8972043 | AE23: 4.0172684 | AF23: 4.2478574 | AG23: 4.0041106 | AH23: 3.9914872 | AI23: 3.9859935 | AJ23: 3.9738551 | AK23: 3.9741403 | AL23: 3.8455152 | AM23: 3.8592975 | AN23: 3.8705051 | AO23: 3.8518171 | AP23: 3.891781 | AQ23: 3.8530596 | AR23: 4.2532005 | AS23: 4.1152099 | AT23: 4.0230122 | AU23: 3.9790681 | AV23: 3.9961036 | AW23: 3.9909947 | AX23: 3.8601255 | AY23: 3.9036372 | AZ23: 3.8820202 | BA23: 3.9519662 | BB23: 4.1379766 | BC23: 5.0151159 | BD23: 6.2106309 | BE23: 6.2984949 | BF23: 5.329887 | BG23: 4.0072421 | BH23: 3.9875142 | BI23: 4.0230122 | BJ23: 3.8995987 | BK23: 3.8924816 | BL23: 3.8799409 | BM23: 3.8706371 | BN23: 3.8847303 | BO23: 4.3385242 | BP23: 4.6834752 | BQ23: 4.7993741 | BR23: 4.0094156 | BS23: 4.0114952 | BT23: 4.0038416 | BU23: 4.0230122 | BV23: 3.8546488 | BW23: 3.8756944 | BX23: 3.8804273 | BY23: 3.8756308 | BZ23: 3.9286788 | CA23: 4.0135906 | CB23: 6.45218 | CC23: 5.7577397 | CD23: 4.0028114 | CE23: 4.0230122 | CF23: 4.0230122 | CG23: 4.0230122 | CH23: 3.8853192 | CI23: 3.8899774 | CJ23: 3.8665101 | CK23: 3.8584758 | CL23: 4.3779999 | CM23: 4.2190492 | CN23: 4.488674 | CO23: 4.0169127 | CP23: 3.9872975 | CQ23: 4.0230122 | CR23: 3.9761863 | CS23: 3.9765762 | CT23: 3.8646369 | CU23: 3.8613289 | CV23: 3.8634272 | CW23: 3.8824766 | CX23: 4.0102264 | CY23: 4.2463952 | CZ23: 4.4535425 | DA23: 4.2378633 | DB23: 4.0200105 | DC23: 3.9747025 | DD23: 4.0230122 | DE23: 4.018449 | DF23: 3.8438232 | DG23: 3.8877336 | DH23: 4.0583411 | DI23: 4.0214285 | DJ23: 4.2145804 | DK23: 4.1314518 | DL23: 4.3142362 | DM23: 4.2397412 | DN23: 3.9881812 | DO23: 4.0230122 | DP23: 4.0136245 | DQ23: 4.0088622 | DR23: #N/A
A25: CapD | B25: 226.35016
A26: CapCD | B26: 82.357633
A27: CapDivD | B27: 25.821427

Sheet Sheet2
B1: Rsd | C1: DivD | D1: Rsriv | E1: Rgd | F1: fy | G1: def | H1: Ss | I1: As | J1: Es | K1: Sg | L1: DeltaSg | M1: dhg | N1: hg | O1: hriv | P1: qinriv1 | Q1: qlriv1 | R1: qoutriv1 | S1: qinriv2 | T1: qlriv2 | U1: qoutriv2 | V1: qraq | W1: qraqv | X1: CapD | Y1: CapCD | Z1: CapDivD
A2: 1 | B2: {=TRANSPOSE(Sheet1!B2:DQ2)} -> 3.4315533 | C2: {=TRANSPOSE(Sheet1!B3:DQ3)} -> 23.845238 | D2: {=TRANSPOSE(Sheet1!B4:DQ4)} -> 22.944954 | E2: {=TRANSPOSE(Sheet1!B5:DQ5)} -> 32.889811 | F2: {=TRANSPOSE(Sheet1!B6:DQ6)} -> 60.166603 | G2: {=TRANSPOSE(Sheet1!B7:DQ7)} -> -0.18340274 | H2: {=TRANSPOSE(Sheet1!B8:DQ8)} -> 111.48996 | I2: {=TRANSPOSE(Sheet1!B9:DQ9)} -> 15.459738 | J2: {=TRANSPOSE(Sheet1!B10:DQ10)} -> 3.1373286 | K2: {=TRANSPOSE(Sheet1!B11:DQ11)} -> 7536 | L2: {=TRANSPOSE(Sheet1!B12:DQ12)} -> -29.845362 | M2: {=TRANSPOSE(Sheet1!B13:DQ13)} -> -1.1881349 | N2: {=TRANSPOSE(Sheet1!B14:DQ14)} -> 298 | O2: {=TRANSPOSE(Sheet1!B15:DQ15)} -> 0.17351495 | P2: {=TRANSPOSE(Sheet1!B16:DQ16)} -> 8.8522199 | Q2: {=TRANSPOSE(Sheet1!B17:DQ17)} -> 0.0058047645 | R2: {=TRANSPOSE(Sheet1!B18:DQ18)} -> 8.8580247 | S2: {=TRANSPOSE(Sheet1!B19:DQ19)} -> 8.8580247 | T2: {=TRANSPOSE(Sheet1!B20:DQ20)} -> -2.6224221 | U2: {=TRANSPOSE(Sheet1!B21:DQ21)} -> 6.2356026 | V2: {=TRANSPOSE(Sheet1!B22:DQ22)} -> -5.4109804 | W2: {=TRANSPOSE(Sheet1!B23:DQ23)} -> -14.025261 | X2: {=TRANSPOSE(Sheet1!B25)} -> 222.97991 | Y2: {=TRANSPOSE(Sheet1!B26)} -> 82.114629 | Z2: {=TRANSPOSE(Sheet1!B27)} -> 27.866892
A3: 2 | B3: 3.4068837 | C3: 7.1209378 | D3: 14.240799 | E3: 29.53464 | F3: 40.062461 | G3: -0.073661209 | H3: 78.804722 | I3: 11.976455 | J3: 1.2377475 | K3: 7506.1546 | L3: -29.200931 | M3: -1.1624803 | N3: 296.81187 | O3: 0.14716024 | P3: 5.4941354 | Q3: 0.027572632 | R3: 5.521708 | S3: 5.521708 | T3: 2.6595558 | U3: 8.1812639 | V3: -4.6077629 | W3: -11.943321
A4: 3 | B4: 18.709882 | C4: 0.94677691 | D4: 14.920631 | E4: 10.416978 | F4: 30.073637 | G4: -0.082036584 | H4: 62.384691 | I4: 10.145932 | J4: 0.74477574 | K4: 7476.9537 | L4: -11.100045 | M4: -0.44188947 | N4: 295.64938 | O4: 0.14917452 | P4: 5.7564162 | Q4: 0.01959108 | R4: 5.7760073 | S4: 5.7760073 | T4: 4.0361814 | U4: 9.8121887 | V4: -3.8026687 | W4: -9.8565173
A5: 4 | B5: 29.939691 | C5: 6.520882 | D5: 13.651476 | E5: 3.5667989 | F5: 40.027372 | G5: -0.038572068 | H5: 35.351703 | I5: 7.0147996 | J5: 0.057830012 | K5: 7465.8537 | L5: 0.63307416 | M5: 0.025202492 | N5: 295.2075 | O5: 0.14556559 | P5: 5.2667731 | Q5: 0.053694072 | R5: 5.3204671 | S5: 5.3204671 | T5: 1.8071513 | U5: 7.1276184 | V5: -3.4996556 | W5: -9.0711074
A6: 5 | B6: 19.9916 | C6: 8.4168537 | D6: 193.74674 | E6: 1.6485085 | F6: 30.056962 | G6: -0.065362217 | H6: 8.779106 | I6: 3.7945484 | J6: 0 | K6: 7466.4867 | L6: 2.8163017 | M6: 0.11211612 | N6: 295.2327 | O6: 0.66283978 | P6: 74.747972 | Q6: 0.11029053 | R6: 74.858262 | S6: 74.858262 | T6: 0.59704677 | U6: 75.455309 | V6: -3.1594531 | W6: -8.1893024
A7: 6 | B7: 49.9832 | C7: 4.2126392 | D7: 245.52771 | E7: 5.8833943 | F7: 60.079233 | G7: -0.096033497 | H7: 165.85906 | I7: 20.780575 | J7: 0 | K7: 7469.303 | L7: 4.3833482 | M7: 0.17449977 | N7: 295.34481 | O7: 0.82014505 | P7: 97.991582 | Q7: 0.034528341 | R7: 98.02611 | S7: 98.02611 | T7: 2.678703 | U7: 100.70481 | V7: -3.1282108 | W7: -7.8380449
A8: 7 | B8: 65.734763 | C8: 4.0571338 | D8: 191.81631 | E8: 0.22624623 | F8: 70.018143 | G8: -0.037743122 | H8: 185.38976 | I8: 22.547617 | J8: 1.2713341 | K8: 7473.6864 | L8: 13.551487 | M8: 0.53948062 | N8: 295.51931 | O8: 0.64079109 | P8: 71.616007 | Q8: 0.080751765 | R8: 71.696758 | S8: 71.696758 | T8: 3.2420858 | U8: 74.938844 | V8: -3.3728539 | W8: -9.0338518
A9: 8 | B9: 72.330386 | C9: 22.676967 | D9: 146.65952 | E9: 5.0197687 | F9: 100.02712 | G9: -0.055121943 | H9: 199.38505 | I9: 23.766922 | J9: 4.1991689 | K9: 7487.2379 | L9: 16.664577 | M9: 0.66341178 | N9: 296.05879 | O9: 0.52097941 | P9: 54.756393 | Q9: 0.099008685 | R9: 54.855402 | S9: 54.855402 | T9: -2.6763598 | U9: 52.179042 | V9: -3.8286674 | W9: -10.254703
A10: 9 | B10: 64.085267 | C10: 13.843378 | D10: 13.62278 | E10: 52.038321 | F10: 129.96697 | G10: -0.003366378 | H10: 196.52597 | I10: 23.521016 | J10: 6.7611346 | K10: 7503.9024 | L10: -27.829368 | M10: -1.1078788 | N10: 296.72221 | O10: 0.14370822 | P10: 5.0861633 | Q10: 0 | R10: 5.0861633 | S10: 5.0861633 | T10: 1.8058422 | U10: 6.8920055 | V10: -4.5481622 | W10: -12.181798
A11: 10 | B11: 3.4606392 | C11: 18.990959 | D11: 21.649931 | E11: 147.53309 | F11: 169.98469 | G11: -0.03228651 | H11: 141.94209 | I11: 18.512771 | J11: 6.4423304 | K11: 7476.0731 | L11: -110.02376 | M11: -4.3800129 | N11: 295.61433 | O11: 0.1674079 | P11: 8.0831582 | Q11: 0 | R11: 8.0831582 | S11: 8.0831582 | T11: -0.15133598 | U11: 7.9318223 | V11: -3.7658252 | W11: -10.086386
A12: 11 | B12: 5.8510262 | C12: 6.5717432 | D12: 13.458029 | E12: 167.60543 | F12: 180.0282 | G12: -0.078597046 | H12: 104.87789 | I12: 14.772325 | J12: 4.801923 | K12: 7366.0493 | L12: -119.21798 | M12: -4.7460317 | N12: 291.23431 | O12: 0.14322049 | P12: 5.0246522 | Q12: 0 | R12: 5.0246522 | S12: 5.0246522 | T12: 1.661481 | U12: 6.6861332 | V12: -0.75434738 | W12: -2.020444
A13: 12 | B13: 0.13412724 | C13: 0 | D13: 16.271091 | E13: 89.891172 | F13: 90.0253 | G13: -0.050499663 | H13: 67.382708 | I13: 10.708825 | J13: 2.7594284 | K13: 7246.8313 | L13: -60.699951 | M13: -2.4164468 | N13: 286.48828 | O13: 0.1515411 | P13: 6.0749294 | Q13: 0 | R13: 6.0749294 | S13: 6.0749294 | T13: 0.19307341 | U13: 6.2680028 | V13: 1.4875064 | W13: 3.9841372
A14: 13 | B14: 1.7453886 | C14: 0 | D14: 23.632791 | E14: 58.430989 | F14: 60.176377 | G14: -0.19317742 | H14: 40.948962 | I14: 7.6751079 | J14: 1.2069769 | K14: 7186.1314 | L14: -36.37198 | M14: -1.4479576 | N14: 284.07184 | O14: 0.17582726 | P14: 9.117589 | Q14: 0.034102992 | R14: 9.151692 | S14: 9.151692 | T14: -0.31100966 | U14: 8.8406823 | V14: 1.5042971 | W14: 3.899138
... A121: 120 | B121: 0 | C121: 0.035233912 | D121: 17.046265 | E121: 90.186129 | F121: 90.221363 | G121: -0.24656304 | H121: 44.834578 | I121: 8.1298091 | J121: 1.957099 | K121: 4311.8261 | L121: -60.93577 | M121: -2.4258346 | N121: 169.64661 | O121: 0.15383124 | P121: 6.3643464 | Q121: 0 | R121: 6.3643464 | S121: 6.3643464 | T121: 0.18199534 | U121: 6.5463417 | V121: 1.4890897 | W121: 3.9883779
